{
    "": 0,
    "0": 444,
    "000": 330,
    "1": 2195,
    "1 4": 2163,
    "1 foot": 202,
    "1 hour": 644,
    "1 in back": 204,
    "1 in front": 2279,
    "1 in middle": 627,
    "1 inch": 2881,
    "1 on left": 1287,
    "1 on right": 691,
    "1 way": 1116,
    "1 world": 2283,
    "1 year": 908,
    "1.00": 2835,
    "10": 1989,
    "10 feet": 2469,
    "10 inches": 2727,
    "10 years": 429,
    "100": 1908,
    "100 feet": 98,
    "100 year party ct": 637,
    "1000": 1419,
    "101": 1909,
    "106": 1910,
    "10:00": 1039,
    "10:05": 1038,
    "10:08": 1037,
    "10:10": 2193,
    "10:15": 2192,
    "10:20": 1811,
    "10:25": 1810,
    "10:30": 3019,
    "10:35": 356,
    "10:40": 2667,
    "10:45": 357,
    "10:50": 678,
    "10:55": 679,
    "11": 1988,
    "11:00": 1623,
    "11:05": 1624,
    "11:10": 508,
    "11:15": 509,
    "11:20": 2491,
    "11:25": 2490,
    "11:30": 1316,
    "11:35": 1317,
    "11:45": 47,
    "11:50": 1980,
    "11:55": 1979,
    "12": 2769,
    "12 feet": 1502,
    "120": 1140,
    "12:00": 2824,
    "12:05": 2823,
    "12:10": 838,
    "12:15": 839,
    "12:20": 1957,
    "12:25": 1956,
    "12:28": 1955,
    "12:30": 32,
    "12:35": 30,
    "12:40": 1296,
    "12:45": 1297,
    "12:50": 2473,
    "12:55": 2472,
    "13": 1990,
    "14": 1992,
    "15": 1991,
    "15 feet": 2124,
    "150": 1558,
    "16": 1994,
    "17": 2772,
    "18": 1996,
    "19": 1995,
    "193": 92,
    "1950": 1781,
    "1950s": 3068,
    "1980": 1351,
    "1990": 197,
    "1:00": 505,
    "1:05": 504,
    "1:10": 1620,
    "1:15": 1621,
    "1:20": 2840,
    "1:25": 2839,
    "1:30": 851,
    "1:35": 850,
    "1:40": 2112,
    "1:45": 2113,
    "1:50": 148,
    "1:55": 146,
    "1st": 1412,
    "2": 841,
    "2 feet": 2741,
    "2 hours": 874,
    "2 men": 831,
    "2 people": 900,
    "2 years": 632,
    "2.00": 1836,
    "20": 1015,
    "20 feet": 2679,
    "20 ft": 3074,
    "200": 466,
    "2000": 2889,
    "2007": 2890,
    "2008": 2891,
    "2009": 2892,
    "2010": 1683,
    "2011": 1682,
    "2012": 1685,
    "2013": 1684,
    "2015": 1680,
    "2016": 1681,
    "21": 2042,
    "22": 2043,
    "23": 2044,
    "24": 2038,
    "25": 2039,
    "26": 2040,
    "27": 2041,
    "28": 2045,
    "29": 2046,
    "2:00": 472,
    "2:05": 577,
    "2:10": 2568,
    "2:15": 2569,
    "2:20": 1394,
    "2:25": 1393,
    "2:30": 244,
    "2:35": 245,
    "2:40": 2099,
    "2:45": 2098,
    "2:50": 945,
    "2:55": 944,
    "2nd": 2374,
    "3": 2621,
    "3 feet": 227,
    "3 inches": 1602,
    "30": 2093,
    "30 mph": 2682,
    "300": 2079,
    "31": 2092,
    "32": 2091,
    "33": 2090,
    "34": 2096,
    "35": 2095,
    "350": 1707,
    "36": 2094,
    "37": 126,
    "38": 2089,
    "39": 2088,
    "3:00": 2572,
    "3:10": 580,
    "3:15": 579,
    "3:20": 248,
    "3:25": 247,
    "3:30": 1396,
    "3:45": 1054,
    "3:50": 2205,
    "3:55": 2206,
    "3rd": 1977,
    "4": 1239,
    "4 feet": 2755,
    "4 ft": 463,
    "4 inches": 2553,
    "4 way": 812,
    "40": 2134,
    "400": 578,
    "41": 2135,
    "42": 374,
    "43": 2133,
    "44": 2130,
    "45": 2131,
    "46": 2128,
    "47": 2129,
    "48": 2126,
    "49": 2127,
    "4:00": 882,
    "4:05": 883,
    "4:15": 2863,
    "4:20": 64,
    "4:30": 2023,
    "4:35": 2022,
    "4:40": 2517,
    "4:45": 2516,
    "4:50": 1340,
    "4:55": 1341,
    "4th of july": 1392,
    "5": 3031,
    "5 feet": 2080,
    "5 ft": 2349,
    "5 star": 263,
    "5 years": 2004,
    "50": 2174,
    "50 feet": 1186,
    "500": 2218,
    "51": 2173,
    "52": 2176,
    "53": 2175,
    "54": 2171,
    "55": 2170,
    "56": 2172,
    "59": 2169,
    "5:00": 2503,
    "5:05": 2504,
    "5:10": 529,
    "5:15": 528,
    "5:18": 527,
    "5:25": 1640,
    "5:30": 2856,
    "5:40": 871,
    "5:45": 870,
    "5:50": 2011,
    "5:55": 2012,
    "6": 1618,
    "6 feet": 3098,
    "6 inches": 1531,
    "60": 2269,
    "600": 292,
    "61": 2270,
    "64": 2213,
    "65": 2214,
    "66": 2215,
    "68": 2216,
    "6:00": 2385,
    "6:05": 2384,
    "6:20": 56,
    "6:25": 57,
    "6:30": 2009,
    "6:35": 2008,
    "6:40": 863,
    "6:45": 864,
    "7": 311,
    "7 eleven": 1694,
    "70": 2273,
    "700": 586,
    "72": 1110,
    "75": 2272,
    "7:00": 1416,
    "7:05": 1417,
    "7:10": 2586,
    "7:25": 2229,
    "7:35": 273,
    "7:45": 2939,
    "7:55": 961,
    "8": 2063,
    "8 feet": 827,
    "80": 2312,
    "870": 1648,
    "88": 2311,
    "8:00": 2673,
    "8:05": 2672,
    "8:35": 692,
    "8:50": 3028,
    "8:55": 3027,
    "9": 703,
    "90": 2354,
    "99": 2352,
    "9:05": 700,
    "9:12": 1827,
    "9:15": 1828,
    "9:20": 3039,
    "9:25": 3038,
    "9:30": 1063,
    "9:35": 1061,
    "9:45": 2333,
    "9:50": 362,
    "9:55": 2167,
    "aa": 867,
    "above": 986,
    "above door": 2685,
    "above sink": 2759,
    "above stove": 2659,
    "above toilet": 797,
    "abstract": 3017,
    "accident": 2372,
    "acer": 2240,
    "across street": 1049,
    "adidas": 96,
    "adult": 1913,
    "adults": 1114,
    "advertisement": 70,
    "africa": 492,
    "african": 2807,
    "african american": 2111,
    "after": 1727,
    "afternoon": 433,
    "against wall": 1495,
    "age": 2499,
    "ahead": 1079,
    "air": 1747,
    "air canada": 895,
    "air conditioner": 2280,
    "air force": 1578,
    "air france": 1479,
    "airplane": 1448,
    "airplanes": 1343,
    "airport": 1263,
    "alaska": 2895,
    "alcohol": 682,
    "alive": 2926,
    "all": 980,
    "all of them": 3005,
    "all way": 300,
    "alligator": 1721,
    "almonds": 2536,
    "alps": 1268,
    "aluminum": 2408,
    "am": 869,
    "amazon": 2160,
    "ambulance": 2550,
    "america": 272,
    "american": 314,
    "american airlines": 1869,
    "american flag": 1555,
    "amtrak": 950,
    "ana": 41,
    "analog": 121,
    "angel": 1041,
    "angels": 2601,
    "angry": 1571,
    "animal": 934,
    "animals": 2509,
    "ankle": 361,
    "anniversary": 2563,
    "antelope": 1679,
    "antenna": 1071,
    "antique": 1011,
    "apartment": 664,
    "apartments": 287,
    "apple": 3083,
    "apple and banana": 2631,
    "apples": 270,
    "apron": 54,
    "arabic": 1344,
    "arch": 201,
    "arizona": 2954,
    "arm": 3061,
    "army": 2751,
    "around neck": 1286,
    "arriving": 833,
    "arrow": 13,
    "arrows": 1974,
    "art": 3057,
    "ascending": 403,
    "asia": 2746,
    "asian": 1902,
    "asics": 1135,
    "asleep": 1791,
    "asparagus": 1120,
    "asphalt": 1458,
    "at camera": 2077,
    "at table": 1074,
    "at&t": 339,
    "athletics": 1451,
    "atv": 2364,
    "audi": 917,
    "australia": 1651,
    "avocado": 1733,
    "awake": 125,
    "away": 223,
    "b": 1279,
    "babies": 799,
    "baby": 140,
    "baby's breath": 2866,
    "back": 1299,
    "back left": 114,
    "background": 2786,
    "backhand": 1153,
    "backpack": 2359,
    "backward": 1406,
    "backwards": 545,
    "backyard": 888,
    "bacon": 2346,
    "bad": 2774,
    "badminton": 1100,
    "bag": 2773,
    "bagel": 2233,
    "bagels": 829,
    "baggage claim": 364,
    "bags": 2827,
    "baked": 1360,
    "baker": 1359,
    "bakery": 1868,
    "baking": 1905,
    "balance": 2780,
    "balcony": 1157,
    "bald": 958,
    "ball": 956,
    "balloon": 2728,
    "balloons": 375,
    "balls": 2500,
    "bamboo": 2074,
    "banana": 1831,
    "banana bread": 1761,
    "banana peel": 1552,
    "banana split": 929,
    "bananas": 960,
    "band": 1735,
    "bandana": 354,
    "bank": 1736,
    "bank of america": 2942,
    "bar": 2771,
    "barbed wire": 847,
    "barber shop": 658,
    "bark": 3060,
    "barn": 3062,
    "barrel": 117,
    "barrier": 210,
    "bars": 3056,
    "base": 1089,
    "baseball": 2985,
    "baseball bat": 516,
    "baseball cap": 2443,
    "baseball field": 2605,
    "baseball game": 1423,
    "baseball glove": 920,
    "baseball player": 1698,
    "baseball uniform": 773,
    "basil": 421,
    "basket": 455,
    "basketball": 1537,
    "baskets": 1323,
    "bat": 2770,
    "bathing": 1128,
    "bathing suit": 90,
    "bathroom": 2969,
    "bathtub": 1077,
    "batman": 437,
    "bats": 614,
    "batter": 1284,
    "batting": 640,
    "beach": 1725,
    "beads": 591,
    "beagle": 2834,
    "beanie": 2871,
    "beans": 1305,
    "bear": 2914,
    "beard": 2713,
    "bears": 2711,
    "bed": 1132,
    "bedroom": 2522,
    "beef": 1387,
    "beer": 1388,
    "beets": 551,
    "before": 401,
    "behind": 1230,
    "behind bench": 3075,
    "behind bus": 1446,
    "behind clouds": 1172,
    "behind fence": 597,
    "behind woman": 764,
    "beige": 1892,
    "beijing": 1865,
    "bell": 123,
    "below": 2342,
    "belt": 124,
    "bench": 1348,
    "benches": 37,
    "bending": 1512,
    "berries": 1855,
    "best buy": 1886,
    "bib": 2876,
    "bible": 2031,
    "bicycle": 2138,
    "bicycles": 1563,
    "bidet": 1622,
    "big": 2875,
    "big ben": 153,
    "bike": 1716,
    "bike rack": 8,
    "biker": 947,
    "bikers": 2795,
    "bikes": 948,
    "biking": 1844,
    "bikini": 1843,
    "billabong": 2014,
    "bin": 2874,
    "biplane": 1209,
    "bird": 927,
    "bird feeder": 800,
    "birds": 1026,
    "birthday": 2314,
    "birthday cake": 2614,
    "birthday party": 2934,
    "black": 1227,
    "black and blue": 1368,
    "black and brown": 630,
    "black and gray": 1138,
    "black and orange": 2340,
    "black and pink": 1672,
    "black and red": 952,
    "black and silver": 2778,
    "black and white": 2324,
    "black and yellow": 975,
    "black white": 1851,
    "blackberry": 286,
    "blanket": 982,
    "blankets": 1240,
    "bleachers": 1541,
    "blender": 118,
    "blending": 2375,
    "blinders": 405,
    "blinds": 2421,
    "blonde": 24,
    "blood": 1267,
    "blt": 2410,
    "blue": 411,
    "blue and black": 736,
    "blue and gray": 382,
    "blue and green": 2955,
    "blue and orange": 1504,
    "blue and pink": 1159,
    "blue and red": 2620,
    "blue and white": 337,
    "blue and yellow": 1427,
    "blue jay": 1175,
    "blue team": 1779,
    "blueberries": 2642,
    "blueberry": 2545,
    "blurry": 2538,
    "bmw": 1235,
    "bnsf": 1090,
    "board": 1751,
    "boarding": 1923,
    "boardwalk": 1521,
    "boat": 2428,
    "boating": 2764,
    "boats": 989,
    "bob": 450,
    "bone": 1917,
    "boogie board": 2201,
    "book": 3127,
    "books": 150,
    "bookshelf": 1355,
    "boot": 3125,
    "boots": 1860,
    "bored": 1311,
    "boredom": 318,
    "boston": 2366,
    "both": 2671,
    "bottle": 2833,
    "bottles": 1185,
    "bottom": 35,
    "bottom left": 876,
    "bottom right": 238,
    "boundaries": 471,
    "bow": 449,
    "bow tie": 481,
    "bowl": 3020,
    "bowling": 834,
    "bowls": 776,
    "bowtie": 2030,
    "box": 447,
    "boxer": 1753,
    "boxes": 1752,
    "boxing": 2103,
    "boy": 448,
    "boys": 2081,
    "brace": 2471,
    "bracelet": 2232,
    "braid": 1501,
    "branch": 14,
    "branches": 2995,
    "brand": 2930,
    "brass": 2243,
    "braves": 2585,
    "brazil": 2775,
    "bread": 2554,
    "breakfast": 1042,
    "brewers": 2050,
    "brick": 2739,
    "bricks": 2211,
    "bride": 2657,
    "bridge": 846,
    "bridle": 1834,
    "briefcase": 2756,
    "bright": 1593,
    "britain": 2528,
    "british": 1786,
    "british airways": 2879,
    "broadway": 2461,
    "broccoli": 2529,
    "broccoli and carrots": 1440,
    "broke": 1081,
    "broken": 1246,
    "bronze": 1460,
    "broom": 2703,
    "brown": 2594,
    "brown and black": 1849,
    "brown and white": 730,
    "brush": 3121,
    "brushing": 75,
    "brushing hair": 1295,
    "brushing her teeth": 494,
    "brushing his teeth": 2646,
    "brushing teeth": 2360,
    "bucket": 1070,
    "bud light": 970,
    "budweiser": 1420,
    "buffalo": 1256,
    "building": 2638,
    "buildings": 1326,
    "bull": 2115,
    "bulldog": 549,
    "bun": 1354,
    "bundt": 866,
    "bunk": 2947,
    "bunny": 1748,
    "bunt": 1972,
    "buoy": 979,
    "buoys": 2482,
    "burger": 1378,
    "burgers": 2381,
    "burrito": 1057,
    "burton": 656,
    "bus": 1353,
    "bus driver": 1538,
    "bus station": 2400,
    "bus stop": 2157,
    "buses": 2850,
    "bush": 2368,
    "bushes": 2264,
    "business": 2634,
    "busy": 2367,
    "butt": 1987,
    "butter": 1943,
    "butterfly": 2416,
    "button": 2690,
    "button up": 267,
    "buttons": 1699,
    "by window": 188,
    "c": 3065,
    "cabbage": 1675,
    "cabinet": 3029,
    "cabinets": 293,
    "cactus": 2744,
    "cadillac": 2757,
    "cafe": 533,
    "cage": 2515,
    "cake": 755,
    "cakes": 3116,
    "calendar": 1228,
    "calico": 2885,
    "california": 2813,
    "calm": 2259,
    "camel": 748,
    "camera": 349,
    "cameraman": 2078,
    "cameras": 2556,
    "camo": 1543,
    "camouflage": 1833,
    "camper": 1878,
    "camping": 2006,
    "can": 1771,
    "can't see": 1906,
    "can't see it": 1313,
    "can't tell": 750,
    "canada": 1976,
    "candle": 526,
    "candles": 1023,
    "candy": 1148,
    "cane": 423,
    "cannot tell": 1713,
    "canoe": 2431,
    "canon": 2432,
    "canopy": 3108,
    "cantaloupe": 848,
    "cap": 1769,
    "captivity": 1236,
    "car": 1768,
    "caramel": 120,
    "cardboard": 1167,
    "cardinal": 2196,
    "cardinals": 1743,
    "cargo": 1764,
    "carnation": 1389,
    "carnations": 560,
    "carpet": 2641,
    "carriage": 1155,
    "carrot": 1487,
    "carrot cake": 1580,
    "carrots": 1134,
    "cars": 1784,
    "cart": 1785,
    "cartoon": 901,
    "case": 649,
    "casserole": 932,
    "cast iron": 2853,
    "castle": 1629,
    "casual": 2644,
    "cat": 1770,
    "cat and dog": 185,
    "cat food": 1044,
    "catch": 2970,
    "catch ball": 1280,
    "catch frisbee": 940,
    "catcher": 1840,
    "catching": 636,
    "catching frisbee": 2974,
    "catholic": 2317,
    "cats": 2636,
    "caucasian": 1453,
    "cauliflower": 274,
    "caution": 1530,
    "cd": 953,
    "cds": 2276,
    "ceiling": 1375,
    "celery": 415,
    "cell": 2691,
    "cell phone": 200,
    "cell phones": 721,
    "cement": 704,
    "center": 1346,
    "ceramic": 87,
    "cereal": 216,
    "cessna": 1953,
    "chain": 44,
    "chain link": 2663,
    "chains": 2927,
    "chair": 45,
    "chairs": 1709,
    "chalk": 2726,
    "champagne": 2068,
    "chandelier": 2564,
    "charging": 1370,
    "chase": 2487,
    "checkerboard": 400,
    "checkered": 1595,
    "checkers": 1480,
    "cheddar": 127,
    "cheese": 1983,
    "cheesecake": 1998,
    "chef": 1719,
    "cherries": 331,
    "cherry": 605,
    "chest": 2767,
    "chevrolet": 1867,
    "chevron": 15,
    "chevy": 2411,
    "chicago": 2893,
    "chicken": 3101,
    "chihuahua": 1914,
    "child": 795,
    "children": 2844,
    "chili": 796,
    "chimney": 1839,
    "china": 6,
    "china airlines": 131,
    "chinese": 2245,
    "chips": 2322,
    "chiquita": 1838,
    "chocolate": 1414,
    "choppy": 1318,
    "chopsticks": 304,
    "christian": 670,
    "christmas": 1397,
    "christmas tree": 1807,
    "chrome": 792,
    "church": 1643,
    "cigarette": 1109,
    "cigarettes": 1533,
    "cilantro": 1606,
    "cinnamon": 1410,
    "circle": 2665,
    "circles": 2562,
    "circus": 568,
    "cirrus": 237,
    "citizen": 1349,
    "city": 1582,
    "city bus": 102,
    "clams": 1275,
    "classic": 1194,
    "classroom": 2994,
    "clay": 860,
    "clean": 2662,
    "cleaner": 3052,
    "cleaning": 2675,
    "clear": 2661,
    "cleats": 1431,
    "climbing": 2015,
    "clip": 738,
    "clock": 94,
    "clock tower": 2455,
    "clocks": 176,
    "close": 324,
    "close up": 2841,
    "closed": 3106,
    "closet": 3104,
    "cloth": 2296,
    "clothes": 1162,
    "clothing": 1773,
    "cloud": 1123,
    "clouds": 681,
    "cloudy": 624,
    "club": 2602,
    "cluttered": 1858,
    "clydesdale": 1514,
    "cnn": 2975,
    "coach": 2185,
    "coal": 1271,
    "coaster": 1347,
    "coat": 1269,
    "coats": 1584,
    "cobblestone": 922,
    "coca cola": 2474,
    "cocker spaniel": 570,
    "coconut": 1222,
    "coffee": 203,
    "coffee cup": 754,
    "coffee maker": 609,
    "coffee pot": 268,
    "coffee table": 2165,
    "coins": 195,
    "coke": 566,
    "cold": 1025,
    "coleslaw": 1091,
    "colgate": 1792,
    "collage": 1565,
    "collar": 1455,
    "collie": 2444,
    "color": 1428,
    "colorado": 828,
    "colored": 1078,
    "comcast": 196,
    "comfort": 496,
    "comforter": 1920,
    "coming": 497,
    "commercial": 1862,
    "commuter": 173,
    "compaq": 718,
    "competition": 654,
    "computer": 2723,
    "computers": 305,
    "concentration": 2658,
    "concert": 1048,
    "concrete": 1649,
    "condiments": 1005,
    "conductor": 2988,
    "cone": 231,
    "cones": 334,
    "conference": 600,
    "conference room": 963,
    "confused": 1964,
    "congratulations": 39,
    "construction": 972,
    "container": 836,
    "continental": 1520,
    "control": 2701,
    "controller": 369,
    "controllers": 1149,
    "converse": 1758,
    "cook": 2187,
    "cooked": 535,
    "cookie": 2263,
    "cookies": 1815,
    "cooking": 5,
    "cool": 2188,
    "cooler": 235,
    "copper": 2052,
    "copyright": 1094,
    "cord": 1398,
    "corgi": 1099,
    "corn": 1399,
    "corner": 2002,
    "corona": 255,
    "cosmo": 1864,
    "costume": 359,
    "cotton": 1115,
    "couch": 506,
    "counter": 1678,
    "country": 1548,
    "countryside": 887,
    "couple": 129,
    "court": 2253,
    "cover": 905,
    "cow": 1001,
    "cowboy": 2181,
    "cows": 1820,
    "crafts": 1821,
    "crane": 3077,
    "cranes": 1876,
    "crates": 46,
    "cream": 83,
    "crest": 666,
    "crib": 1984,
    "crocs": 1739,
    "croissant": 1372,
    "cross": 1508,
    "cross country": 1610,
    "crossing": 2121,
    "crosstown": 217,
    "crosswalk": 907,
    "crow": 1319,
    "crown": 33,
    "crows": 34,
    "cruise ship": 1082,
    "csx": 2855,
    "cubs": 740,
    "cucumber": 918,
    "cucumbers": 3043,
    "cuddling": 1692,
    "cumulus": 3069,
    "cup": 524,
    "cupcake": 1824,
    "cupcakes": 1121,
    "cups": 2860,
    "curb": 532,
    "curious": 1657,
    "curly": 2606,
    "current": 819,
    "curtain": 2114,
    "curtains": 2151,
    "curved": 2909,
    "cushion": 2369,
    "cut": 523,
    "cute": 1210,
    "cutting": 2903,
    "cutting board": 2323,
    "cutting cake": 2826,
    "cutting hair": 635,
    "cycling": 2627,
    "cylinder": 229,
    "d": 1654,
    "dachshund": 493,
    "dad": 2901,
    "daffodil": 3124,
    "daffodils": 553,
    "dairy": 665,
    "dairy queen": 2623,
    "daisies": 2883,
    "daisy": 2653,
    "dalmatian": 2180,
    "dancing": 1463,
    "dandelions": 2397,
    "dark": 1607,
    "dawn": 1169,
    "day": 2904,
    "day time": 2260,
    "daytime": 1189,
    "db": 2898,
    "dc": 999,
    "dead": 428,
    "dead end": 875,
    "deck": 2760,
    "decoration": 1527,
    "decorative": 2944,
    "deep": 2026,
    "deer": 2025,
    "defense": 1133,
    "deli": 761,
    "delivery": 971,
    "dell": 762,
    "delta": 2297,
    "denim": 558,
    "descending": 608,
    "desert": 2887,
    "design": 1444,
    "desk": 2534,
    "desktop": 1060,
    "dessert": 537,
    "desserts": 1856,
    "detroit": 581,
    "diamond": 2851,
    "diamonds": 2007,
    "diesel": 2557,
    "diet coke": 2309,
    "different teams": 2533,
    "digital": 1196,
    "dim": 2793,
    "dining": 1424,
    "dining room": 1188,
    "dinner": 611,
    "dinosaur": 873,
    "dip": 2796,
    "direction": 647,
    "directions": 1445,
    "dirt": 1087,
    "dirt bike": 2062,
    "dirty": 80,
    "dishes": 157,
    "dishwasher": 313,
    "disney": 1365,
    "display": 385,
    "distance": 1924,
    "do not enter": 264,
    "dock": 1687,
    "dodge": 2720,
    "dodgers": 837,
    "dog": 1930,
    "dog and cat": 1853,
    "dog bed": 2822,
    "dog food": 1092,
    "dog show": 1363,
    "dogs": 214,
    "dole": 1244,
    "doll": 1243,
    "dome": 2427,
    "domestic": 2921,
    "don't know": 187,
    "don't walk": 2399,
    "donkey": 1380,
    "donut": 1126,
    "donut shop": 2789,
    "donuts": 671,
    "door": 99,
    "doorway": 172,
    "dots": 1551,
    "double": 3051,
    "double decker": 1407,
    "doubles": 512,
    "dough": 1272,
    "doughnut": 2335,
    "doughnuts": 1829,
    "down": 435,
    "down street": 2555,
    "downhill": 2884,
    "downtown": 2800,
    "dr pepper": 1331,
    "dragon": 499,
    "drain": 1237,
    "drawer": 2804,
    "drawing": 1708,
    "dreadlocks": 737,
    "dress": 2457,
    "dresser": 569,
    "drink": 1706,
    "drinking": 1477,
    "drinking water": 2483,
    "drinks": 2981,
    "drive": 1591,
    "driver": 2464,
    "driveway": 1884,
    "driving": 2952,
    "drums": 1247,
    "dry": 1911,
    "drying": 2356,
    "drywall": 1585,
    "ducati": 1776,
    "duck": 722,
    "ducks": 2486,
    "dugout": 3048,
    "dump": 3058,
    "dump truck": 1447,
    "dunkin donuts": 1467,
    "dusk": 957,
    "e": 342,
    "each other": 2161,
    "eagle": 763,
    "ear": 1897,
    "earbuds": 2845,
    "earring": 1802,
    "earrings": 1516,
    "ears": 417,
    "east": 2383,
    "easter": 525,
    "easton": 1202,
    "easy": 2382,
    "easyjet": 1961,
    "eat": 1898,
    "eaten": 1093,
    "eating": 2681,
    "egg": 2648,
    "egg salad": 1506,
    "eggs": 507,
    "eiffel tower": 1438,
    "electric": 695,
    "electricity": 760,
    "electronics": 1332,
    "elephant": 825,
    "elephants": 461,
    "elm": 598,
    "elmo": 1535,
    "email": 951,
    "emergency": 128,
    "emirates": 111,
    "empty": 328,
    "enclosure": 1170,
    "end": 1369,
    "engine": 2219,
    "england": 2463,
    "english": 3115,
    "entering": 55,
    "equestrian": 642,
    "europe": 2481,
    "evening": 306,
    "evergreen": 1405,
    "exhaust": 2829,
    "exit": 2436,
    "eyes": 1986,
    "f": 2101,
    "fabric": 38,
    "face": 1696,
    "facebook": 2688,
    "factory": 3000,
    "fair": 788,
    "fake": 1569,
    "fall": 1257,
    "falling": 2398,
    "family": 1817,
    "fan": 3036,
    "fancy": 2650,
    "fans": 2067,
    "fanta": 2820,
    "far": 3035,
    "far right": 1426,
    "farm": 355,
    "farmer": 634,
    "farmers": 2209,
    "farmers market": 913,
    "fashion": 1381,
    "fast": 1468,
    "fast food": 93,
    "father": 443,
    "faucet": 500,
    "feathers": 572,
    "fedex": 968,
    "fedora": 1845,
    "feeder": 1630,
    "feeding": 2937,
    "feeding giraffe": 1499,
    "feet": 2265,
    "fell": 1067,
    "female": 564,
    "fence": 2643,
    "fern": 613,
    "ferris wheel": 1490,
    "ferry": 2989,
    "festival": 152,
    "feta": 1686,
    "few": 1485,
    "field": 1253,
    "fighter": 2442,
    "fighting": 1511,
    "finch": 386,
    "finger": 594,
    "fire": 912,
    "fire extinguisher": 3064,
    "fire hydrant": 962,
    "fire truck": 585,
    "firefighter": 1352,
    "fireman": 2729,
    "fireplace": 2940,
    "fires": 1031,
    "first": 462,
    "first base": 1262,
    "fish": 36,
    "fisheye": 1320,
    "fishing": 1513,
    "fishing boat": 3001,
    "flag": 674,
    "flags": 2872,
    "flamingo": 2118,
    "flashlight": 559,
    "flat": 673,
    "flat screen": 252,
    "flats": 659,
    "flickr": 1142,
    "flip": 567,
    "flip flops": 1903,
    "flip phone": 2016,
    "floating": 2790,
    "flood": 2392,
    "floor": 2391,
    "floral": 2993,
    "florida": 2709,
    "flour": 3093,
    "flower": 2859,
    "flowers": 2613,
    "fluffy": 1935,
    "fluorescent": 2337,
    "fly": 2801,
    "fly kite": 1104,
    "flying": 2610,
    "flying kite": 1946,
    "flying kites": 180,
    "foam": 280,
    "focus": 2186,
    "fog": 808,
    "foggy": 2628,
    "foil": 388,
    "food": 1084,
    "food processor": 1493,
    "food truck": 2300,
    "foot": 284,
    "football": 621,
    "footprints": 977,
    "for balance": 1852,
    "for fun": 397,
    "for photo": 71,
    "for sale": 872,
    "ford": 1192,
    "foreground": 3040,
    "forehand": 1050,
    "forest": 2105,
    "fork": 1040,
    "fork and knife": 589,
    "fork and spoon": 502,
    "forks": 2633,
    "formal": 1653,
    "formica": 2137,
    "forward": 1310,
    "fountain": 2652,
    "fox": 807,
    "frame": 168,
    "france": 2798,
    "free": 2956,
    "freezer": 1774,
    "freight": 1637,
    "freightliner": 2249,
    "french": 2797,
    "french fries": 1379,
    "fresh": 1666,
    "fridge": 3025,
    "fried": 1471,
    "friend": 1036,
    "friends": 1901,
    "fries": 1470,
    "frisbee": 1712,
    "frisbees": 1619,
    "frog": 723,
    "front": 2705,
    "frosted": 408,
    "frosting": 446,
    "fruit": 1056,
    "fruit salad": 1715,
    "fruits": 22,
    "full": 95,
    "fun": 1293,
    "fur": 1292,
    "furniture": 2230,
    "futon": 1767,
    "g": 732,
    "game": 1848,
    "game controller": 2370,
    "gaming": 768,
    "garage": 2535,
    "garbage": 2495,
    "garden": 924,
    "garlic": 1940,
    "gas": 2071,
    "gas station": 1358,
    "gate": 2948,
    "gatorade": 832,
    "gazebo": 1959,
    "ge": 1118,
    "geese": 2083,
    "genetics": 483,
    "german": 1562,
    "german shepherd": 1146,
    "germany": 220,
    "ghost": 1714,
    "giants": 2475,
    "ginger": 409,
    "giraffe": 991,
    "giraffe and zebra": 2684,
    "giraffes": 218,
    "girl": 2810,
    "girl on right": 2158,
    "girls": 1174,
    "give way": 843,
    "glass": 2353,
    "glasses": 149,
    "glaze": 2010,
    "glazed": 402,
    "globe": 2706,
    "glove": 1298,
    "gloves": 1097,
    "gmc": 327,
    "go": 1119,
    "goal": 2254,
    "goalie": 998,
    "goat": 1029,
    "goatee": 1889,
    "goats": 2284,
    "goggles": 2578,
    "going": 2420,
    "gold": 1636,
    "golden gate": 2429,
    "golden retriever": 1106,
    "golf": 1635,
    "gone": 868,
    "good": 1433,
    "google": 2877,
    "goose": 1030,
    "gothic": 2328,
    "graduation": 2882,
    "graffiti": 112,
    "grandfather": 1442,
    "granite": 1357,
    "grape": 1017,
    "grapefruit": 2492,
    "grapes": 2362,
    "grass": 660,
    "grassy": 2603,
    "gravel": 1315,
    "gravy": 219,
    "gray": 1880,
    "gray and black": 322,
    "gray and red": 798,
    "gray and white": 717,
    "grazing": 1549,
    "green": 990,
    "green and black": 2852,
    "green and blue": 2085,
    "green and brown": 1216,
    "green and orange": 2953,
    "green and red": 250,
    "green and white": 2916,
    "green and yellow": 1515,
    "green beans": 1529,
    "greyhound": 1589,
    "grill": 301,
    "grilled": 1934,
    "grilled cheese": 1258,
    "grind": 1103,
    "grinding": 381,
    "grizzly": 1009,
    "grocery": 2655,
    "grocery store": 1638,
    "ground": 1045,
    "guitar": 645,
    "guitar hero": 778,
    "gun": 241,
    "gym": 1922,
    "h": 2607,
    "hair": 561,
    "hair dryer": 2330,
    "haircut": 1024,
    "half": 1028,
    "half full": 1673,
    "halloween": 1127,
    "hallway": 2674,
    "ham": 26,
    "ham and cheese": 430,
    "hamburger": 1413,
    "hammer time": 725,
    "hammock": 556,
    "hand": 233,
    "handicap": 440,
    "handle": 1700,
    "handlebars": 1450,
    "hands": 1871,
    "hanger": 2951,
    "hanging": 3,
    "happiness": 3117,
    "happy": 809,
    "happy birthday": 1724,
    "harbor": 894,
    "hard": 2048,
    "hardwood": 2722,
    "harley": 2143,
    "harley davidson": 2508,
    "harness": 486,
    "harry potter": 130,
    "hat": 28,
    "hats": 1361,
    "hauling": 889,
    "hawaii": 2189,
    "hawaiian": 132,
    "hawk": 1676,
    "hay": 27,
    "hazy": 1907,
    "he isn't": 2446,
    "he's not": 1949,
    "head": 1400,
    "headband": 1981,
    "headphones": 1982,
    "healthy": 2190,
    "heart": 1772,
    "hearts": 2972,
    "heat": 1402,
    "heater": 1068,
    "heavy": 309,
    "heels": 1055,
    "heineken": 823,
    "heinz": 1409,
    "helicopter": 2217,
    "hello kitty": 1822,
    "helmet": 1434,
    "helmets": 390,
    "herd": 2350,
    "herding": 595,
    "herself": 1130,
    "hexagon": 2694,
    "hiding": 2539,
    "high": 933,
    "high chair": 1129,
    "high heels": 2725,
    "highway": 896,
    "hiking": 1020,
    "hill": 683,
    "hills": 1006,
    "hilly": 1007,
    "himself": 1111,
    "hispanic": 1749,
    "hit": 3055,
    "hit ball": 2980,
    "hitting": 911,
    "hitting ball": 1083,
    "hockey": 844,
    "holding": 2589,
    "holding baby": 1793,
    "holding it": 2290,
    "holding phone": 1321,
    "holding umbrella": 191,
    "hollywood": 1921,
    "home": 380,
    "home plate": 984,
    "homemade": 1308,
    "honda": 1544,
    "honey": 2754,
    "hood": 1173,
    "hoodie": 404,
    "horizontal": 303,
    "horizontally": 2307,
    "horns": 543,
    "horse": 315,
    "horse racing": 2765,
    "horseback riding": 242,
    "horses": 672,
    "hose": 2928,
    "hospital": 2141,
    "hot": 2357,
    "hot dog": 158,
    "hot dogs": 3023,
    "hot sauce": 422,
    "hotel": 2268,
    "hotel room": 414,
    "house": 2858,
    "houses": 312,
    "hp": 1154,
    "hsbc": 269,
    "htc": 2597,
    "huge": 101,
    "hugging": 2865,
    "human": 1944,
    "humans": 1883,
    "hummingbird": 1604,
    "hundreds": 1366,
    "hungry": 2207,
    "husky": 2027,
    "hydrant": 898,
    "i": 1145,
    "i don't know": 351,
    "ibm": 1478,
    "ice": 1395,
    "ice cream": 2200,
    "icing": 1564,
    "identification": 742,
    "illinois": 3126,
    "in": 1184,
    "in air": 1728,
    "in back": 1059,
    "in background": 2880,
    "in basket": 1304,
    "in bowl": 1371,
    "in box": 85,
    "in cabbage town": 151,
    "in car": 2632,
    "in corner": 1744,
    "in cup": 2294,
    "in field": 2766,
    "in front": 1945,
    "in grass": 321,
    "in hand": 2819,
    "in her hand": 58,
    "in his hand": 2702,
    "in middle": 751,
    "in motion": 1873,
    "in sink": 3016,
    "in sky": 769,
    "in snow": 1342,
    "in stands": 782,
    "in street": 406,
    "in suitcase": 2946,
    "in vase": 994,
    "in water": 2327,
    "index": 925,
    "india": 2547,
    "indian": 2501,
    "indians": 988,
    "indoor": 2718,
    "indoors": 879,
    "information": 884,
    "inside": 1557,
    "intersection": 378,
    "iphone": 2194,
    "ipod": 2313,
    "ireland": 1289,
    "iris": 1710,
    "iron": 2561,
    "island": 1249,
    "it isn't": 1496,
    "it's not": 2355,
    "it's raining": 1796,
    "italian": 2119,
    "italy": 1532,
    "ivory": 2929,
    "ivy": 1603,
    "j": 1882,
    "jacket": 441,
    "jackets": 395,
    "jal": 164,
    "japan": 1732,
    "japanese": 2743,
    "jar": 162,
    "jeans": 276,
    "jeep": 2235,
    "jelly": 2967,
    "jesus": 941,
    "jet": 1631,
    "jet ski": 1859,
    "jetblue": 2991,
    "jets": 849,
    "jockey": 1307,
    "john": 213,
    "jones": 2791,
    "joshua": 393,
    "jp morgan": 1847,
    "juice": 329,
    "jump": 346,
    "jumped": 2424,
    "jumping": 2142,
    "jungle": 465,
    "junk": 3128,
    "k": 1524,
    "kangaroo": 719,
    "kawasaki": 2336,
    "kayak": 1962,
    "kayaking": 2651,
    "kenmore": 1588,
    "ketchup": 2407,
    "ketchup and mustard": 541,
    "kettle": 2734,
    "keyboard": 1168,
    "keys": 2869,
    "khaki": 610,
    "kia": 1941,
    "kicking": 367,
    "kickstand": 2716,
    "kid": 1942,
    "kids": 7,
    "king": 690,
    "kissing": 2484,
    "kitchen": 226,
    "kitchenaid": 1763,
    "kite": 2912,
    "kite flying": 288,
    "kite string": 1958,
    "kites": 2873,
    "kitesurfing": 427,
    "kiting": 617,
    "kitten": 1762,
    "kiwi": 2558,
    "klm": 2452,
    "knee pads": 916,
    "kneeling": 3024,
    "knife": 484,
    "knife and fork": 2520,
    "knives": 1220,
    "kodak": 519,
    "korean air": 1462,
    "krispy kreme": 1238,
    "l": 207,
    "la": 1330,
    "lab": 2548,
    "labrador": 2496,
    "lace": 3033,
    "lacoste": 2907,
    "ladder": 199,
    "lady": 1065,
    "ladybug": 2587,
    "lake": 2923,
    "lamb": 2102,
    "lamp": 2104,
    "lamps": 2179,
    "land": 134,
    "landing": 438,
    "landscape": 2750,
    "lanes": 2430,
    "lanyard": 910,
    "lap": 2549,
    "laptop": 2973,
    "laptops": 476,
    "large": 1616,
    "laughing": 2837,
    "laundry": 1874,
    "laying": 2448,
    "laying down": 1179,
    "lays": 811,
    "leaf": 3120,
    "leaning": 1647,
    "learning": 2625,
    "leash": 2054,
    "leather": 2618,
    "leaves": 575,
    "leaving": 720,
    "left": 2785,
    "left 1": 2512,
    "left and right": 758,
    "left side": 1177,
    "leg": 928,
    "lego": 777,
    "legos": 538,
    "legs": 779,
    "lemon": 1473,
    "lemonade": 1000,
    "lemons": 2034,
    "leopard": 2870,
    "letters": 184,
    "lettuce": 407,
    "lexus": 2288,
    "lg": 1702,
    "library": 379,
    "license plate": 1329,
    "licking": 2965,
    "lid": 2660,
    "life": 793,
    "life jacket": 25,
    "life vest": 2291,
    "lifeguard": 1312,
    "lift": 794,
    "light": 2305,
    "lighter": 3012,
    "lighthouse": 2376,
    "lighting": 675,
    "lights": 2747,
    "lilac": 2310,
    "lilies": 2617,
    "lily": 1695,
    "lime": 2896,
    "limes": 2794,
    "lines": 2899,
    "linoleum": 2019,
    "lion": 2066,
    "liquor": 1384,
    "listening": 1797,
    "listening to music": 138,
    "little": 1985,
    "little girl": 785,
    "living": 2811,
    "living room": 275,
    "lizard": 985,
    "loading": 1465,
    "lobster": 1608,
    "log": 1803,
    "logitech": 938,
    "logo": 1741,
    "logs": 1740,
    "london": 1963,
    "long": 1218,
    "long sleeve": 2426,
    "long time": 622,
    "looking": 1783,
    "looking at camera": 565,
    "looking at phone": 368,
    "looking out window": 789,
    "los angeles": 2109,
    "lot": 1805,
    "lotion": 418,
    "lots": 20,
    "love": 821,
    "low": 1804,
    "lufthansa": 133,
    "luggage": 574,
    "lunch": 459,
    "lying down": 993,
    "m": 1929,
    "mac": 1967,
    "macaroni": 3021,
    "machine": 767,
    "mack": 1835,
    "magazine": 432,
    "magazines": 1556,
    "magnet": 1200,
    "magnets": 2024,
    "mailbox": 514,
    "main": 2809,
    "main st": 2467,
    "main street": 802,
    "makeup": 1960,
    "male": 2456,
    "males": 1274,
    "mall": 2454,
    "man": 1968,
    "man in middle": 453,
    "man made": 460,
    "man on left": 780,
    "man on right": 2758,
    "man's": 2303,
    "mane": 1599,
    "mango": 52,
    "mantle": 1014,
    "many": 1598,
    "map": 1965,
    "maple": 1830,
    "maple leaf": 3095,
    "marble": 1266,
    "marina": 2609,
    "mariners": 930,
    "mario": 412,
    "marker": 3072,
    "market": 2600,
    "maroon": 756,
    "married": 741,
    "marshmallows": 1212,
    "mask": 1613,
    "mat": 1966,
    "mattress": 1051,
    "mayo": 2580,
    "mayonnaise": 534,
    "mcdonald's": 2292,
    "me": 1367,
    "meat": 1915,
    "meatballs": 1503,
    "medium": 1401,
    "meeting": 2867,
    "men": 392,
    "men's": 639,
    "menu": 787,
    "meow": 2787,
    "mercedes": 552,
    "mercedes benz": 1374,
    "messy": 2640,
    "metal": 2960,
    "meter": 1328,
    "metro": 3081,
    "mets": 1690,
    "mexican": 892,
    "mexico": 2781,
    "miami": 1466,
    "michigan": 2721,
    "mickey mouse": 1818,
    "microphone": 2715,
    "microsoft": 1634,
    "microwave": 2593,
    "middle": 1265,
    "middle 1": 2987,
    "military": 765,
    "milk": 2792,
    "millions": 1421,
    "minnie mouse": 1701,
    "mint": 1926,
    "mirror": 2076,
    "mirrors": 49,
    "mississippi": 1151,
    "mitsubishi": 1125,
    "mitt": 3080,
    "mixer": 2020,
    "model": 1436,
    "modern": 1925,
    "mohawk": 1605,
    "mom": 2836,
    "monday": 2733,
    "money": 2017,
    "monitor": 458,
    "monkey": 601,
    "monster": 1217,
    "moon": 655,
    "moped": 2439,
    "more": 97,
    "morning": 469,
    "mosaic": 2530,
    "moss": 2060,
    "motel": 2148,
    "mother": 2168,
    "mother and child": 1259,
    "motion": 3002,
    "motocross": 2445,
    "motor": 3084,
    "motorbike": 746,
    "motorcycle": 2514,
    "motorcycles": 511,
    "motorola": 332,
    "mound": 2221,
    "mountain": 2862,
    "mountain dew": 1896,
    "mountainous": 156,
    "mountains": 1469,
    "mouse": 1939,
    "mouse pad": 1322,
    "mouth": 16,
    "mouthwash": 513,
    "movement": 2847,
    "movie": 2480,
    "moving": 3070,
    "mozzarella": 420,
    "mt airy": 2708,
    "mud": 592,
    "muffin": 2552,
    "muffins": 439,
    "mug": 593,
    "multi": 2116,
    "multi colored": 72,
    "multicolored": 2123,
    "multiple": 3008,
    "mural": 1632,
    "museum": 2738,
    "mushroom": 976,
    "mushrooms": 1150,
    "music": 10,
    "mustache": 542,
    "mustard": 1245,
    "mutt": 144,
    "n": 602,
    "name": 749,
    "name tag": 2986,
    "napkin": 1225,
    "napkins": 2304,
    "nasa": 1476,
    "nathan's": 1509,
    "national express": 697,
    "natural": 1574,
    "nature": 21,
    "navy": 1919,
    "neck": 1969,
    "necklace": 2306,
    "neither": 1141,
    "neon": 283,
    "nest": 2225,
    "net": 1164,
    "never": 1165,
    "new": 1163,
    "new orleans": 774,
    "new york": 2712,
    "news": 596,
    "newspaper": 67,
    "next to toilet": 939,
    "night": 236,
    "night time": 59,
    "nightstand": 2287,
    "nighttime": 2768,
    "nike": 603,
    "nikon": 1794,
    "nintendo": 1158,
    "nissan": 2231,
    "no": 1403,
    "no 1": 2935,
    "no cat": 413,
    "no clock": 2816,
    "no dog": 857,
    "no flag": 2275,
    "no grass": 3071,
    "no hat": 2573,
    "no left turn": 1176,
    "no light": 2191,
    "no man": 335,
    "no number": 1334,
    "no parking": 886,
    "no plate": 1233,
    "no shirt": 1890,
    "no sign": 1112,
    "no smoking": 820,
    "no train": 2908,
    "no water": 1888,
    "nobody": 550,
    "nokia": 1870,
    "noodles": 2162,
    "noon": 2435,
    "normal": 2817,
    "north": 383,
    "north america": 2962,
    "north face": 955,
    "nose": 1242,
    "not": 261,
    "not at all": 294,
    "not here": 2666,
    "not high": 468,
    "not in service": 2281,
    "not likely": 2110,
    "not long": 2227,
    "not possible": 949,
    "not sure": 1553,
    "not there": 835,
    "not very": 885,
    "notebook": 937,
    "notes": 3078,
    "nothing": 2274,
    "now": 262,
    "nowhere": 2494,
    "numbers": 495,
    "nursing": 629,
    "nuts": 198,
    "ny": 1404,
    "o": 2389,
    "oak": 2132,
    "oar": 2136,
    "oars": 1481,
    "obama": 902,
    "ocean": 604,
    "octagon": 3113,
    "octopus": 1755,
    "off": 175,
    "office": 2551,
    "oil": 2013,
    "old": 2388,
    "older": 1846,
    "olives": 2626,
    "ollie": 815,
    "olympics": 2779,
    "omelet": 291,
    "on": 2507,
    "on beach": 1885,
    "on bed": 728,
    "on bench": 1745,
    "on bike": 2566,
    "on boat": 2035,
    "on building": 2689,
    "on bus": 2724,
    "on car": 341,
    "on chair": 212,
    "on couch": 2574,
    "on counter": 2203,
    "on desk": 2567,
    "on dresser": 766,
    "on elephant": 1156,
    "on floor": 657,
    "on fridge": 2630,
    "on grass": 215,
    "on ground": 2922,
    "on his face": 743,
    "on his head": 2992,
    "on horse": 1096,
    "on laptop": 2537,
    "on left": 2730,
    "on man": 2983,
    "on motorcycle": 1494,
    "on napkin": 2047,
    "on phone": 9,
    "on pizza": 2676,
    "on plane": 1872,
    "on plate": 2396,
    "on pole": 1536,
    "on rack": 1425,
    "on right": 17,
    "on road": 489,
    "on rock": 1288,
    "on runway": 1492,
    "on shelf": 2737,
    "on shore": 1642,
    "on sidewalk": 348,
    "on sign": 2390,
    "on sink": 1339,
    "on skateboard": 1435,
    "on stove": 2476,
    "on street": 3112,
    "on suitcase": 2619,
    "on table": 1309,
    "on toilet": 1522,
    "on top": 1937,
    "on tower": 91,
    "on track": 317,
    "on tracks": 2402,
    "on train": 2749,
    "on tray": 992,
    "on tree": 2510,
    "on wall": 1408,
    "on water": 488,
    "on woman": 352,
    "onion": 966,
    "onion rings": 228,
    "onions": 3091,
    "only": 1790,
    "opaque": 510,
    "open": 1581,
    "opponent": 698,
    "orange": 1491,
    "orange and black": 859,
    "orange and blue": 1182,
    "orange and white": 2637,
    "orange and yellow": 540,
    "orange juice": 856,
    "oranges": 2308,
    "orchid": 2582,
    "oregon": 2403,
    "organic": 731,
    "oriental": 1717,
    "orioles": 3067,
    "ostrich": 840,
    "ottoman": 363,
    "out": 729,
    "out of focus": 1505,
    "outdoor": 480,
    "outdoors": 2271,
    "outfield": 2843,
    "outside": 2210,
    "oval": 1325,
    "oven": 2005,
    "over": 2949,
    "over easy": 1950,
    "overalls": 959,
    "overcast": 2531,
    "owl": 1518,
    "owner": 942,
    "p": 1018,
    "pacific": 1437,
    "pacifier": 474,
    "packing": 539,
    "paddle": 2087,
    "paddle boarding": 1806,
    "paddling": 2477,
    "paint": 1277,
    "painted": 1507,
    "painting": 1697,
    "paisley": 3063,
    "pajamas": 2470,
    "palm": 1656,
    "palm tree": 1590,
    "palm trees": 2812,
    "pan": 2828,
    "pancake": 347,
    "pancakes": 2748,
    "panda": 190,
    "pans": 890,
    "pants": 3107,
    "paper": 103,
    "paper towels": 2814,
    "papers": 619,
    "parachute": 50,
    "parade": 2680,
    "parakeet": 2497,
    "parasailing": 3097,
    "pare": 2055,
    "paris": 2938,
    "park": 2056,
    "parked": 1139,
    "parking": 3013,
    "parking garage": 880,
    "parking lot": 2608,
    "parking meter": 714,
    "parking meters": 1703,
    "parmesan": 1439,
    "parmesan cheese": 1782,
    "parrot": 2941,
    "parrots": 724,
    "parsley": 419,
    "partly cloudy": 2707,
    "party": 373,
    "passenger": 40,
    "passengers": 1567,
    "pasta": 752,
    "pastries": 1894,
    "pastry": 464,
    "pasture": 2886,
    "patio": 2460,
    "patterned": 696,
    "paved": 2153,
    "pavement": 804,
    "paw": 1270,
    "pc": 2197,
    "peace": 713,
    "peach": 712,
    "peaches": 1592,
    "peacock": 813,
    "peanut butter": 651,
    "peanuts": 2649,
    "pear": 1808,
    "pearl": 1617,
    "peas": 1809,
    "pedestal": 1611,
    "pedestrian": 1633,
    "pedestrian crossing": 1841,
    "pedestrians": 1664,
    "pee": 1303,
    "peeing": 1825,
    "pelican": 3003,
    "pelicans": 78,
    "pen": 1301,
    "pencil": 139,
    "penguin": 2298,
    "penne": 2740,
    "pens": 1273,
    "people": 806,
    "pepper": 2120,
    "pepperoni": 2815,
    "peppers": 518,
    "pepsi": 2069,
    "persian": 2998,
    "person": 781,
    "petting": 2177,
    "petting horse": 1568,
    "philadelphia": 2441,
    "phillies": 2799,
    "phone": 707,
    "phones": 2544,
    "photo": 1750,
    "photograph": 1131,
    "photographer": 2579,
    "photography": 2913,
    "photoshop": 1789,
    "piano": 2320,
    "pickle": 628,
    "pickles": 1609,
    "pickup": 1641,
    "picnic": 2413,
    "picnic table": 1813,
    "picture": 620,
    "pictures": 325,
    "pie": 2932,
    "pier": 179,
    "pig": 2933,
    "pigeon": 1276,
    "pigeons": 1464,
    "pigtails": 1052,
    "pillow": 249,
    "pillows": 662,
    "pilot": 648,
    "pine": 1207,
    "pineapple": 2155,
    "ping pong": 706,
    "pink": 1204,
    "pink and black": 2003,
    "pink and blue": 536,
    "pink and white": 1559,
    "pink and yellow": 2542,
    "pipe": 739,
    "pipes": 2086,
    "pirate": 790,
    "pirates": 3047,
    "pitbull": 1058,
    "pitch": 1971,
    "pitcher": 290,
    "pitching": 881,
    "pizza": 1726,
    "pizza box": 452,
    "pizza cutter": 1575,
    "pizza hut": 343,
    "placemat": 2404,
    "plaid": 2919,
    "plain": 2920,
    "plane": 2459,
    "planes": 531,
    "plant": 2458,
    "planter": 2598,
    "plants": 2286,
    "plaster": 1373,
    "plastic": 3004,
    "plastic wrap": 2358,
    "plate": 19,
    "plates": 1002,
    "platform": 633,
    "play": 904,
    "play tennis": 1283,
    "player": 2377,
    "players": 2968,
    "playing": 2037,
    "playing baseball": 279,
    "playing frisbee": 1124,
    "playing game": 224,
    "playing soccer": 2178,
    "playing tennis": 1022,
    "playing video game": 708,
    "playing video games": 2911,
    "playing wii": 2599,
    "playstation": 1178,
    "plow": 193,
    "plunger": 1528,
    "pm": 1461,
    "pocket": 141,
    "pockets": 485,
    "pointing": 1075,
    "polar": 1073,
    "polar bear": 1928,
    "polar bears": 3123,
    "pole": 1429,
    "poles": 2692,
    "police": 457,
    "police officer": 163,
    "polka dot": 830,
    "polka dots": 2239,
    "polo": 1430,
    "pomeranian": 181,
    "pond": 2252,
    "pony": 2251,
    "ponytail": 186,
    "poodle": 2451,
    "pool": 297,
    "poop": 296,
    "pooping": 996,
    "poor": 295,
    "porcelain": 897,
    "porch": 3085,
    "pork": 625,
    "posing": 2604,
    "post": 1754,
    "poster": 1660,
    "posts": 623,
    "pot": 2212,
    "potato": 1951,
    "potato salad": 544,
    "potatoes": 2146,
    "pots": 1337,
    "pottery": 1475,
    "powdered": 3099,
    "powdered sugar": 1688,
    "power": 2437,
    "power lines": 2049,
    "practice": 3094,
    "prince": 705,
    "print": 2051,
    "printer": 61,
    "privacy": 2710,
    "private": 2386,
    "produce": 253,
    "professional": 2615,
    "prom": 3073,
    "propeller": 377,
    "protection": 1181,
    "protest": 2979,
    "public": 2029,
    "public market center": 582,
    "pug": 1088,
    "pull": 79,
    "puma": 1229,
    "pumpkin": 1572,
    "puppy": 84,
    "purple": 1013,
    "purple and white": 2183,
    "purse": 1601,
    "qantas": 663,
    "qatar": 1105,
    "queen": 2961,
    "quilt": 2742,
    "r": 1422,
    "rabbit": 3086,
    "race": 1667,
    "racing": 2247,
    "rack": 1668,
    "racket": 554,
    "rackets": 1484,
    "racquet": 2440,
    "radiator": 424,
    "radio": 2156,
    "radish": 2401,
    "raft": 2033,
    "rail": 1003,
    "railing": 2343,
    "railroad crossing": 2832,
    "rain": 1004,
    "rainbow": 711,
    "raining": 1523,
    "rainy": 2299,
    "ram": 2958,
    "ramp": 2526,
    "ranch": 2226,
    "raspberries": 2693,
    "raspberry": 2683,
    "raw": 2959,
    "rays": 1205,
    "reading": 1231,
    "real": 1064,
    "rear": 1066,
    "recently": 1459,
    "recessed": 2714,
    "recliner": 786,
    "rectangle": 221,
    "rectangles": 3041,
    "red": 1333,
    "red and black": 2061,
    "red and blue": 2805,
    "red and gray": 1625,
    "red and green": 2453,
    "red and silver": 1062,
    "red and white": 2241,
    "red and yellow": 1047,
    "red bull": 298,
    "red light": 1674,
    "red sox": 1197,
    "red velvet": 2338,
    "red white and blue": 2234,
    "red white blue": 2075,
    "reds": 1482,
    "referee": 2285,
    "reflection": 1144,
    "refrigerator": 2864,
    "refrigerators": 903,
    "regular": 1927,
    "reins": 2246,
    "relaxing": 2575,
    "relish": 1545,
    "remodeling": 2262,
    "remote": 1255,
    "remote control": 1166,
    "remotes": 1046,
    "residential": 964,
    "restaurant": 515,
    "resting": 1645,
    "ribbon": 2846,
    "rice": 18,
    "ride": 2699,
    "riding": 166,
    "riding bike": 2635,
    "riding bikes": 442,
    "riding elephant": 376,
    "riding horse": 1324,
    "riding horses": 1525,
    "riding motorcycle": 477,
    "right": 2387,
    "right 1": 1122,
    "right hand": 2465,
    "right side": 109,
    "ring": 266,
    "ring finger": 1628,
    "ripe": 954,
    "river": 2479,
    "road": 2838,
    "roast beef": 801,
    "robe": 845,
    "robin": 2485,
    "robot": 142,
    "rock": 1975,
    "rocks": 1738,
    "rocky": 1737,
    "rodeo": 2736,
    "rolex": 2152,
    "roll": 43,
    "roman": 2282,
    "roman numerals": 169,
    "roof": 399,
    "room": 398,
    "rooster": 747,
    "rope": 1842,
    "rose": 2228,
    "roses": 661,
    "rottweiler": 891,
    "rough": 2523,
    "round": 445,
    "roundabout": 1327,
    "rowing": 2964,
    "rubber": 2532,
    "rug": 1108,
    "rugby": 1234,
    "run": 1107,
    "running": 2831,
    "runway": 1704,
    "rural": 978,
    "russia": 1586,
    "russian": 1113,
    "rust": 81,
    "rv": 1534,
    "rye": 2854,
    "s": 63,
    "sad": 2414,
    "saddle": 1517,
    "safari": 1973,
    "safe": 206,
    "safety": 310,
    "sail": 2776,
    "sailboat": 631,
    "sailboats": 239,
    "sailing": 1993,
    "salad": 2698,
    "salmon": 2059,
    "salon": 1730,
    "salt": 2417,
    "salt and pepper": 2371,
    "samsung": 389,
    "san diego": 410,
    "san francisco": 2695,
    "sand": 89,
    "sandals": 1294,
    "sandwich": 3045,
    "sandwiches": 3053,
    "santa": 921,
    "santa hat": 2462,
    "sas": 2415,
    "sauce": 106,
    "sauerkraut": 1670,
    "sausage": 1861,
    "savannah": 2731,
    "savory": 1734,
    "scale": 2878,
    "scania": 137,
    "scarf": 2519,
    "scenery": 2502,
    "schnauzer": 587,
    "school": 571,
    "school bus": 155,
    "scissors": 2957,
    "scooter": 1837,
    "scrambled": 2717,
    "scratching": 1452,
    "screen": 1597,
    "seafood": 3009,
    "seagull": 100,
    "seagulls": 2830,
    "seat": 470,
    "seattle": 2783,
    "seaweed": 3100,
    "second": 2348,
    "security": 1010,
    "sedan": 2108,
    "seeds": 969,
    "selfie": 434,
    "selling": 1832,
    "semi": 2073,
    "sepia": 710,
    "serious": 2978,
    "serve": 1376,
    "serving": 256,
    "sesame": 915,
    "sesame seeds": 1665,
    "setting": 618,
    "several": 1390,
    "sewing": 1877,
    "shade": 2256,
    "shadow": 31,
    "shadows": 2145,
    "shaking hands": 562,
    "shallow": 1497,
    "shampoo": 1338,
    "shape": 522,
    "shark": 1411,
    "shaved": 2777,
    "shearing": 1356,
    "shed": 2732,
    "sheep": 1034,
    "sheepdog": 2373,
    "sheet": 1035,
    "sheets": 467,
    "shelf": 2316,
    "shell": 2315,
    "shells": 2021,
    "shelter": 1350,
    "shelves": 2363,
    "shepherd": 2278,
    "shih tzu": 3022,
    "shingles": 2018,
    "ship": 1195,
    "shirt": 702,
    "shirt and tie": 1224,
    "shirts": 48,
    "shoe": 2001,
    "shoes": 456,
    "shop": 1999,
    "shopping": 2825,
    "shopping cart": 3092,
    "shore": 677,
    "short": 676,
    "shorter": 2488,
    "shorts": 1693,
    "shoulder": 1948,
    "show": 2000,
    "shower": 1540,
    "shower curtain": 2700,
    "shower head": 2418,
    "shrimp": 2236,
    "shut": 2518,
    "siamese": 3042,
    "siblings": 3034,
    "side": 1916,
    "side of road": 2761,
    "sidecar": 2910,
    "sidewalk": 2596,
    "sideways": 1978,
    "sign": 1566,
    "signs": 104,
    "silk": 2065,
    "silver": 775,
    "silver and black": 1788,
    "silver and red": 320,
    "silverware": 240,
    "singapore": 69,
    "singing": 2696,
    "single": 2084,
    "single engine": 1101,
    "singles": 116,
    "sink": 2894,
    "sitting": 490,
    "size": 1033,
    "skate": 1560,
    "skate park": 88,
    "skateboard": 547,
    "skateboarder": 431,
    "skateboarding": 170,
    "skateboards": 1652,
    "skatepark": 1711,
    "skating": 2125,
    "skeleton": 1812,
    "ski": 3119,
    "ski boots": 2082,
    "ski lift": 2576,
    "ski pole": 1008,
    "ski poles": 2806,
    "ski resort": 2917,
    "ski slope": 192,
    "skier": 858,
    "skiers": 278,
    "skiing": 1561,
    "skirt": 1866,
    "skis": 1198,
    "skull": 2686,
    "skull and crossbones": 225,
    "sky": 3118,
    "skyscraper": 2622,
    "skyscrapers": 693,
    "slacks": 260,
    "sled": 209,
    "sleep": 2936,
    "sleeping": 478,
    "sleeve": 906,
    "sliced": 394,
    "slide": 360,
    "sliding": 995,
    "slippers": 2223,
    "slope": 2395,
    "slow": 2419,
    "slow down": 243,
    "small": 583,
    "smaller": 2302,
    "smartphone": 2647,
    "smile": 2447,
    "smiley face": 1069,
    "smiling": 105,
    "smoke": 987,
    "smoking": 370,
    "smooth": 973,
    "smoothie": 1213,
    "snake": 145,
    "sneakers": 1302,
    "sniffing": 1689,
    "snow": 2154,
    "snowboard": 1021,
    "snowboarder": 122,
    "snowboarding": 684,
    "snowboards": 345,
    "snowflakes": 1160,
    "snowing": 2344,
    "snowsuit": 2423,
    "snowy": 2584,
    "soap": 946,
    "soccer": 680,
    "soccer ball": 1391,
    "soccer field": 1248,
    "socks": 563,
    "soda": 584,
    "sofa": 2924,
    "soft": 2925,
    "softball": 2255,
    "soldier": 1080,
    "soldiers": 2719,
    "solid": 2868,
    "someone": 2857,
    "sony": 3037,
    "sony ericsson": 2753,
    "soon": 1823,
    "soup": 2803,
    "south": 1729,
    "southwest": 1760,
    "space": 1032,
    "space needle": 1019,
    "space shuttle": 757,
    "spaghetti": 1669,
    "spanish": 2412,
    "sparrow": 588,
    "spatula": 143,
    "speaker": 372,
    "speakers": 1997,
    "spectators": 1117,
    "speed limit": 1554,
    "spices": 3082,
    "spider": 2361,
    "spiderman": 1432,
    "spinach": 2763,
    "spiral": 753,
    "spoon": 2301,
    "spoons": 3015,
    "sports": 709,
    "spots": 2541,
    "spotted": 1881,
    "spray paint": 2704,
    "spring": 1655,
    "sprinkles": 1136,
    "sprint": 1658,
    "sprite": 2164,
    "square": 1577,
    "squares": 1579,
    "squash": 475,
    "squatting": 2900,
    "squirrel": 338,
    "st patrick's day": 1486,
    "stability": 1211,
    "stadium": 1550,
    "stagecoach": 76,
    "stained glass": 1345,
    "stainless steel": 919,
    "stairs": 2468,
    "stand": 2237,
    "standing": 931,
    "standing still": 1594,
    "stands": 2982,
    "star": 387,
    "star alliance": 3114,
    "star wars": 2943,
    "starbucks": 308,
    "staring": 171,
    "stars": 289,
    "state farm": 1777,
    "station": 316,
    "statue": 650,
    "statues": 557,
    "steak": 2570,
    "steam": 2571,
    "steamed": 73,
    "steel": 943,
    "steeple": 2595,
    "steering wheel": 1278,
    "steps": 805,
    "stew": 1850,
    "stick": 2592,
    "sticker": 2577,
    "stickers": 2629,
    "sticks": 1193,
    "still": 257,
    "stir fry": 265,
    "stomach": 154,
    "stone": 2438,
    "stones": 1457,
    "stool": 1260,
    "stop": 935,
    "stop light": 3014,
    "stop sign": 1519,
    "stopped": 1826,
    "stopping": 2166,
    "storage": 1072,
    "store": 688,
    "stork": 686,
    "storm": 687,
    "stove": 2318,
    "straight": 1646,
    "straight ahead": 2139,
    "strap": 426,
    "straw": 2140,
    "strawberries": 384,
    "strawberry": 1250,
    "street": 1364,
    "street light": 2117,
    "street name": 1722,
    "street sign": 178,
    "stretching": 2849,
    "strike": 1526,
    "string": 1199,
    "stripe": 521,
    "striped": 2915,
    "stripes": 1775,
    "stroller": 1314,
    "stucco": 744,
    "student": 2331,
    "students": 1254,
    "stuffed": 1583,
    "stuffed animal": 727,
    "stuffed animals": 2449,
    "style": 2257,
    "styrofoam": 167,
    "sub": 667,
    "subway": 816,
    "sugar": 2505,
    "suit": 1659,
    "suitcase": 1251,
    "suitcases": 62,
    "suits": 1857,
    "summer": 2433,
    "sun": 668,
    "sun hat": 451,
    "sunbathing": 822,
    "sunflower": 1187,
    "sunflowers": 1500,
    "sunglasses": 1383,
    "sunlight": 615,
    "sunny": 119,
    "sunrise": 2999,
    "sunset": 1043,
    "supreme": 2931,
    "surf": 641,
    "surfboard": 689,
    "surfboards": 2425,
    "surfer": 1261,
    "surfers": 2293,
    "surfing": 51,
    "surprise": 1171,
    "surprised": 2493,
    "sushi": 2782,
    "suspenders": 3066,
    "suv": 669,
    "suzuki": 1152,
    "swan": 2351,
    "swans": 2996,
    "sweat": 2339,
    "sweatband": 3122,
    "sweater": 194,
    "sweatshirt": 2905,
    "sweet": 701,
    "sweet potato": 2861,
    "swim": 285,
    "swim trunks": 1449,
    "swimming": 183,
    "swimsuit": 893,
    "swing": 2204,
    "swinging": 1887,
    "swinging bat": 2450,
    "swirls": 2244,
    "swiss": 2072,
    "switzerland": 1098,
    "sydney": 1650,
    "syrup": 3050,
    "t": 1798,
    "t shirt": 222,
    "t shirt and jeans": 599,
    "tabby": 2478,
    "table": 3026,
    "tablecloth": 454,
    "tables": 2289,
    "tablet": 1180,
    "tag": 3088,
    "tags": 2248,
    "tail": 1615,
    "take off": 865,
    "taking off": 1639,
    "taking photo": 1415,
    "taking picture": 923,
    "taking pictures": 358,
    "taking selfie": 182,
    "talking": 1382,
    "talking on phone": 307,
    "tall": 1970,
    "taller": 1147,
    "tam": 3089,
    "tan": 3090,
    "tank": 1183,
    "tank top": 1143,
    "tape": 165,
    "target": 2560,
    "tarmac": 2277,
    "tarp": 2498,
    "tater tots": 2521,
    "tattoo": 174,
    "tattoos": 2848,
    "taxi": 282,
    "tea": 1443,
    "teacher": 246,
    "teal": 817,
    "team": 818,
    "teddy": 853,
    "teddy bear": 160,
    "teddy bears": 606,
    "teeth": 1952,
    "telephone": 3018,
    "television": 1787,
    "tell time": 1891,
    "telling time": 2735,
    "tennis": 436,
    "tennis ball": 2261,
    "tennis court": 530,
    "tennis player": 1226,
    "tennis racket": 733,
    "tennis rackets": 2267,
    "tennis racquet": 2616,
    "tennis shoes": 82,
    "tent": 366,
    "tents": 1691,
    "terrier": 2106,
    "texas": 1214,
    "texting": 2032,
    "thai": 2612,
    "thailand": 77,
    "thanksgiving": 159,
    "theater": 110,
    "they aren't": 1385,
    "thick": 1742,
    "thin": 2511,
    "thomas": 1282,
    "thoroughbred": 2258,
    "thousands": 3102,
    "throw": 1801,
    "throw ball": 1612,
    "throw frisbee": 1285,
    "throwing": 2669,
    "throwing frisbee": 23,
    "thumb": 2406,
    "thumbs up": 2590,
    "tiara": 258,
    "tie": 2976,
    "tie dye": 1012,
    "ties": 2513,
    "tiger": 2220,
    "tigers": 810,
    "tile": 1208,
    "tiled": 1933,
    "tiles": 1932,
    "tim hortons": 2107,
    "time": 2394,
    "tinkerbell": 2788,
    "tire": 1879,
    "tired": 2345,
    "tires": 2347,
    "tissue": 230,
    "tissues": 1899,
    "to catch ball": 2319,
    "to catch frisbee": 1206,
    "to dry": 555,
    "to eat": 1854,
    "to get to other side": 29,
    "to hit ball": 1290,
    "to left": 576,
    "to right": 1600,
    "to see": 965,
    "toast": 2565,
    "toasted": 2379,
    "toaster": 2378,
    "toaster oven": 353,
    "toilet": 2527,
    "toilet brush": 1241,
    "toilet paper": 1778,
    "toiletries": 498,
    "toilets": 2334,
    "tokyo": 2802,
    "tomato": 1677,
    "tomatoes": 2329,
    "tongs": 323,
    "tongue": 1893,
    "tools": 2506,
    "toothbrush": 2966,
    "toothbrushes": 371,
    "toothpaste": 854,
    "toothpick": 1016,
    "toothpicks": 612,
    "top": 501,
    "top hat": 1644,
    "top left": 259,
    "top right": 2656,
    "toronto": 2559,
    "toshiba": 2902,
    "tour": 473,
    "tourist": 2144,
    "tow": 2150,
    "tow truck": 2745,
    "toward": 319,
    "towards": 336,
    "towel": 652,
    "towels": 1386,
    "tower": 653,
    "towing": 616,
    "town": 1264,
    "toy": 2149,
    "toyota": 2678,
    "toys": 1819,
    "track": 2818,
    "tracks": 299,
    "tractor": 1221,
    "traffic": 74,
    "traffic light": 3109,
    "traffic lights": 487,
    "trailer": 1085,
    "train": 2100,
    "train car": 803,
    "train station": 1474,
    "train tracks": 997,
    "trains": 2058,
    "transport": 967,
    "transportation": 1201,
    "trash": 3032,
    "trash can": 2,
    "travel": 11,
    "traveling": 1281,
    "tray": 3096,
    "tree": 1539,
    "tree branch": 211,
    "trees": 1095,
    "triangle": 699,
    "triangles": 42,
    "trick": 1795,
    "tripod": 2842,
    "triumph": 1718,
    "trolley": 1362,
    "tropical": 277,
    "tropicana": 1215,
    "truck": 2405,
    "trucks": 365,
    "trunk": 2645,
    "trunks": 2199,
    "tub": 1232,
    "tube": 862,
    "tugboat": 2591,
    "tulip": 12,
    "tulips": 2202,
    "tuna": 2380,
    "tunnel": 2897,
    "turkey": 646,
    "turn": 638,
    "turn right": 208,
    "turning": 2762,
    "turtle": 2409,
    "tusks": 2611,
    "tuxedo": 626,
    "tv": 1614,
    "tv stand": 1546,
    "twin": 852,
    "twins": 926,
    "tying tie": 861,
    "typing": 842,
    "uk": 1663,
    "umbrella": 573,
    "umbrellas": 734,
    "umpire": 2588,
    "unclear": 745,
    "under": 396,
    "under armour": 2963,
    "under sink": 1573,
    "under table": 1918,
    "under tree": 1931,
    "uniform": 1766,
    "uniforms": 1720,
    "union station": 2670,
    "united": 1488,
    "united states": 2238,
    "unknown": 735,
    "unsure": 3059,
    "up": 1661,
    "uphill": 251,
    "upright": 3076,
    "ups": 1161,
    "upside down": 1336,
    "urban": 503,
    "urinal": 685,
    "urinals": 3044,
    "us": 1662,
    "us air force": 2242,
    "us airways": 302,
    "us airways express": 2540,
    "us open": 2808,
    "usa": 1483,
    "used": 1102,
    "using computer": 1335,
    "using laptop": 877,
    "utensils": 1900,
    "v": 2250,
    "vacation": 855,
    "vaio": 791,
    "valentine's day": 147,
    "van": 2341,
    "vanilla": 3110,
    "vans": 2070,
    "vase": 1904,
    "vases": 254,
    "vegetable": 2784,
    "vegetables": 2122,
    "vegetarian": 1816,
    "veggie": 2365,
    "veggies": 1723,
    "vehicles": 2888,
    "venice": 814,
    "vent": 2918,
    "verizon": 3030,
    "vertical": 1596,
    "very": 1076,
    "very big": 517,
    "very deep": 2664,
    "very fast": 2752,
    "very high": 716,
    "very long": 2295,
    "very old": 1291,
    "very tall": 108,
    "vest": 2224,
    "vests": 333,
    "victoria": 784,
    "victorian": 1219,
    "video": 136,
    "video game": 2097,
    "vines": 2639,
    "virgin": 2182,
    "virgin atlantic": 3105,
    "visibility": 350,
    "visilab": 115,
    "visor": 1137,
    "volkswagen": 1800,
    "volleyball": 1627,
    "volvo": 974,
    "w": 899,
    "waffle": 2147,
    "wagon": 2198,
    "waiting": 3079,
    "wakeboard": 391,
    "walgreens": 1731,
    "walk": 2326,
    "walking": 1954,
    "wall": 2325,
    "wall st": 2524,
    "wallet": 1203,
    "wallpaper": 936,
    "war": 1757,
    "warm": 1912,
    "warmth": 1746,
    "warning": 1472,
    "washing": 491,
    "washington": 1895,
    "washington dc": 2654,
    "washington monument": 2971,
    "watch": 2159,
    "watch tv": 2266,
    "watching": 2321,
    "watching tv": 161,
    "water": 2984,
    "water bottle": 3046,
    "water ski": 189,
    "water skiing": 1576,
    "water skis": 1300,
    "watermark": 1875,
    "watermelon": 416,
    "wave": 344,
    "waves": 1626,
    "waving": 86,
    "wavy": 2036,
    "wax": 1756,
    "wax paper": 2222,
    "weather vane": 3049,
    "website": 1938,
    "wedding": 590,
    "weeds": 107,
    "welcome": 1759,
    "west": 66,
    "western": 1377,
    "westin": 281,
    "westjet": 479,
    "wet": 177,
    "wetsuit": 1936,
    "wetsuits": 1489,
    "whale": 2332,
    "wheat": 1799,
    "wheel": 232,
    "wheelchair": 826,
    "wheelie": 2422,
    "wheels": 2624,
    "whipped cream": 2393,
    "whirlpool": 2997,
    "white": 3006,
    "white and black": 2697,
    "white and blue": 205,
    "white and brown": 914,
    "white and gray": 1086,
    "white and green": 1223,
    "white and orange": 1053,
    "white and pink": 2064,
    "white and red": 2489,
    "white and yellow": 1190,
    "white house": 1252,
    "whole": 909,
    "wicker": 1570,
    "wide": 3007,
    "wii": 1863,
    "wii controller": 1814,
    "wii controllers": 607,
    "wii remote": 643,
    "wii remotes": 482,
    "wiimote": 2990,
    "wild": 3111,
    "wildebeest": 1765,
    "willow": 1780,
    "wilson": 694,
    "wind": 771,
    "windmill": 520,
    "window": 1027,
    "window sill": 1671,
    "windows": 3054,
    "windowsill": 135,
    "windsor": 271,
    "windsurfing": 2906,
    "windy": 715,
    "wine": 772,
    "wine bottle": 1306,
    "wine glass": 2687,
    "wine glasses": 2053,
    "wine tasting": 65,
    "wing": 770,
    "wings": 1947,
    "winnie pooh": 1705,
    "winter": 824,
    "wire": 2525,
    "wireless": 2583,
    "wires": 68,
    "wisconsin": 1454,
    "woman": 1441,
    "woman's": 2466,
    "women": 3087,
    "women's": 983,
    "wood": 3010,
    "wooden": 4,
    "woodpecker": 2945,
    "woods": 1,
    "wool": 3011,
    "words": 3103,
    "work": 2546,
    "working": 340,
    "worms": 2028,
    "wreath": 981,
    "wrist": 726,
    "wristband": 2434,
    "writing": 2950,
    "x": 2668,
    "xbox": 2581,
    "y": 1542,
    "yacht": 2184,
    "yamaha": 234,
    "yankees": 2677,
    "yard": 546,
    "yarn": 548,
    "years": 53,
    "yellow": 759,
    "yellow and black": 2208,
    "yellow and blue": 1498,
    "yellow and green": 1510,
    "yellow and orange": 1456,
    "yellow and red": 113,
    "yellow and white": 1191,
    "yes": 425,
    "yield": 2821,
    "yogurt": 1547,
    "young": 878,
    "younger": 2977,
    "zebra": 1418,
    "zebra and giraffe": 1587,
    "zebras": 783,
    "zig zag": 2543,
    "zipper": 326,
    "zoo": 60,
    "zucchini": 2057
}