{
    "puddle": 712,
    "soap": 1390,
    "wallet": 555,
    "cabin": 992,
    "muffin": 1352,
    "water glass": 244,
    "restroom": 1188,
    "mangoes": 1708,
    "gown": 1151,
    "baseball players": 603,
    "tinted": 1055,
    "umpire": 1709,
    "fan": 1499,
    "zebra": 1207,
    "apple": 1780,
    "broom": 1501,
    "village": 740,
    "jar": 1091,
    "porch": 1812,
    "tape": 517,
    "upwards": 321,
    "curtain": 1435,
    "spear": 513,
    "pumpkins": 78,
    "brownies": 1622,
    "child": 1444,
    "comb": 565,
    "rock": 1730,
    "words": 808,
    "visitor": 1450,
    "desk lamp": 211,
    "hospital": 1386,
    "egg roll": 1790,
    "cross": 534,
    "juice box": 1443,
    "skateboarding": 271,
    "wicker": 995,
    "color": 579,
    "tent": 650,
    "murky": 620,
    "parmesan cheese": 214,
    "motorcycles": 779,
    "knee pads": 351,
    "swamp": 1503,
    "rose": 1198,
    "tree branch": 1692,
    "laptop": 982,
    "bench": 1092,
    "vegetables": 330,
    "plantains": 1095,
    "twigs": 1237,
    "satellite dish": 377,
    "tall": 90,
    "waitress": 592,
    "out": 1644,
    "charger": 1683,
    "graffiti": 1712,
    "kimono": 1693,
    "skateboard": 191,
    "fisherman": 335,
    "gas station": 1471,
    "bagel": 1704,
    "pond": 479,
    "modern": 786,
    "wire": 1107,
    "crates": 942,
    "lace": 439,
    "horse hoof": 1723,
    "icing": 293,
    "station": 62,
    "indoors": 70,
    "horse": 1222,
    "doorway": 947,
    "flag": 845,
    "stuffed bears": 97,
    "palm tree": 1084,
    "frog": 1295,
    "stones": 726,
    "coarse": 542,
    "coffee beans": 707,
    "blinds": 1226,
    "shelves": 36,
    "oven": 358,
    "chocolate": 924,
    "mailbox": 1353,
    "cone": 622,
    "snowboarder": 340,
    "sandals": 229,
    "stars": 1246,
    "down": 1733,
    "helmets": 1508,
    "apron": 1343,
    "celery": 24,
    "light fixture": 1735,
    "beach chair": 623,
    "hedge": 1729,
    "match": 1357,
    "ahead": 289,
    "pudding": 673,
    "shower": 1278,
    "containers": 242,
    "skinny": 1433,
    "pecan": 900,
    "tissues": 1711,
    "dispenser": 96,
    "mattresses": 414,
    "light blue": 7,
    "mirrors": 892,
    "chef": 616,
    "aquarium": 1370,
    "moose": 790,
    "snowboarding": 816,
    "coffee cup": 1273,
    "earrings": 442,
    "jet": 1671,
    "amusement park": 935,
    "fur": 1283,
    "poodle": 1310,
    "beer mug": 1611,
    "sandwiches": 571,
    "ducks": 463,
    "sheet": 877,
    "students": 776,
    "shuttle": 17,
    "symbol": 246,
    "flamingo": 593,
    "appetizer": 380,
    "guitar": 765,
    "jars": 895,
    "spices": 392,
    "beneath": 1340,
    "old fashioned": 1728,
    "trash bag": 1110,
    "mother": 1778,
    "table": 1298,
    "mayonnaise": 1635,
    "oak tree": 1491,
    "train tracks": 1558,
    "dog": 184,
    "nutella": 1680,
    "tiles": 1830,
    "bears": 929,
    "chickpeas": 355,
    "dry": 323,
    "sad": 195,
    "ostrich": 1037,
    "family": 1325,
    "dining room": 743,
    "uncomfortable": 1567,
    "onion rings": 996,
    "macaroni": 128,
    "butterfly": 94,
    "bat": 1372,
    "beets": 63,
    "wok": 1441,
    "balls": 940,
    "orchid": 1299,
    "bartender": 1243,
    "life preserver": 925,
    "octopus": 417,
    "cakes": 1455,
    "maroon": 104,
    "drawers": 117,
    "pesto": 875,
    "olive": 1528,
    "alligator": 1675,
    "vine": 1322,
    "pine trees": 587,
    "snow": 1768,
    "roadway": 1613,
    "pink": 317,
    "herb": 1007,
    "grapes": 440,
    "broth": 378,
    "classroom": 1578,
    "garden": 1145,
    "van": 399,
    "peacock": 1363,
    "watch": 1061,
    "long": 105,
    "dragon": 1832,
    "leopard": 1511,
    "parent": 819,
    "black": 1125,
    "faucet": 752,
    "student": 1346,
    "cooker": 215,
    "pie": 1394,
    "bunny": 794,
    "lions": 231,
    "football": 3,
    "balloon": 308,
    "elephants": 346,
    "cat food": 0,
    "squirrel": 254,
    "headband": 429,
    "bicycles": 558,
    "pumpkin": 1477,
    "customer": 1254,
    "wide": 1136,
    "soft": 596,
    "catcher": 236,
    "crystal": 1617,
    "yes": 1773,
    "building": 883,
    "leafy": 332,
    "shelter": 462,
    "light bulb": 563,
    "walnut": 552,
    "milkshake": 1043,
    "ceiling light": 585,
    "tomatoes": 1787,
    "trains": 1451,
    "open": 1749,
    "apartment": 941,
    "keyboard": 634,
    "cotton dessert": 1825,
    "sticker": 735,
    "sheets": 1606,
    "cord": 88,
    "cereal": 1550,
    "asparagus": 866,
    "video games": 273,
    "above": 57,
    "radiator": 1312,
    "salmon": 1607,
    "beach": 371,
    "ramekin": 981,
    "obstacle": 266,
    "teal": 169,
    "branch": 516,
    "stew": 1571,
    "plant": 1788,
    "onions": 45,
    "fresh": 638,
    "sunglasses": 1515,
    "cages": 590,
    "sideways": 38,
    "grapefruit": 1189,
    "shop": 869,
    "short": 730,
    "meatballs": 192,
    "wristband": 1380,
    "hair clip": 34,
    "ribs": 1716,
    "sign": 664,
    "powder": 163,
    "fine": 1619,
    "milk carton": 547,
    "oil": 1200,
    "vacuum": 903,
    "pineapples": 123,
    "urinal": 1365,
    "binder": 299,
    "donkey": 1524,
    "counter": 290,
    "opaque": 727,
    "rifle": 206,
    "baked": 55,
    "chinese food": 1746,
    "soup": 795,
    "bottle": 1742,
    "baseball bats": 954,
    "mattress": 272,
    "bus stop": 1398,
    "dish drainer": 434,
    "styrofoam": 1702,
    "hose": 893,
    "wool": 1753,
    "boot": 1828,
    "rooftop": 632,
    "snack": 660,
    "shirts": 491,
    "lamb": 539,
    "soccer player": 253,
    "mountain side": 79,
    "church": 629,
    "grinder": 922,
    "tree branches": 522,
    "armchair": 1244,
    "pub": 1674,
    "shoe laces": 223,
    "geese": 1752,
    "water bottle": 1215,
    "biscuit": 540,
    "coffee pot": 595,
    "ladles": 1478,
    "french toast": 1081,
    "photographer": 897,
    "bag": 496,
    "buns": 514,
    "athlete": 446,
    "mushroom": 353,
    "phones": 1627,
    "bandage": 126,
    "tree leaves": 537,
    "gold": 159,
    "cats": 1737,
    "dull": 1523,
    "cabinet": 1498,
    "baseball": 1757,
    "lobby": 859,
    "cds": 477,
    "deer": 520,
    "carts": 915,
    "terminal": 1401,
    "televisions": 606,
    "pedestrian": 1020,
    "clocks": 1402,
    "soda bottle": 934,
    "roadside": 575,
    "shoe": 476,
    "bird": 67,
    "taking bath": 1586,
    "couple": 226,
    "cupboards": 1575,
    "microwave oven": 1286,
    "wires": 142,
    "unpaved": 1330,
    "serving dish": 114,
    "ski": 1073,
    "chrome": 1646,
    "video game": 43,
    "necklace": 716,
    "teddy bear": 525,
    "drum": 635,
    "living room": 461,
    "bomb": 1403,
    "bicycle": 435,
    "toys": 1129,
    "yogurt": 601,
    "rabbit": 696,
    "birds": 1725,
    "wine glass": 886,
    "pine tree": 760,
    "duck": 1146,
    "omelette": 544,
    "underwear": 1612,
    "desert": 1482,
    "mountains": 444,
    "cathedral": 687,
    "blouse": 1056,
    "beer bottle": 501,
    "rainy": 212,
    "airport": 1543,
    "crust": 161,
    "balloons": 969,
    "gravel": 658,
    "seal": 1248,
    "hay": 175,
    "team": 1399,
    "bread box": 1425,
    "fence": 164,
    "hook": 424,
    "pizza pan": 1212,
    "carrot": 1230,
    "ladle": 1415,
    "refrigerator": 1750,
    "hamburgers": 759,
    "hair dryer": 773,
    "grassy": 827,
    "biscuits": 1304,
    "floor": 858,
    "pocket watch": 1597,
    "blind": 76,
    "meadow": 1483,
    "sandwich": 1686,
    "brownie": 1799,
    "tourist": 10,
    "under": 927,
    "angry bird": 1121,
    "beds": 793,
    "waves": 333,
    "bee": 83,
    "receipt": 721,
    "ground": 220,
    "shirt": 359,
    "lily": 495,
    "mango": 1776,
    "cranberry": 1615,
    "candy": 1667,
    "cutting board": 864,
    "cookbook": 870,
    "potted": 345,
    "lion": 1046,
    "cars": 1760,
    "fountain": 738,
    "gray": 1593,
    "barn": 999,
    "shaking hands": 1172,
    "turkey": 82,
    "temple": 1592,
    "kiwis": 1555,
    "soda": 1025,
    "unhealthy": 1141,
    "vinegar": 874,
    "numbers": 749,
    "flowers": 19,
    "metal": 497,
    "baker": 515,
    "silk": 390,
    "riding boots": 720,
    "newspaper": 920,
    "carpet": 130,
    "dried": 1710,
    "knife": 58,
    "butter knife": 1436,
    "suitcase": 1512,
    "unhappy": 1339,
    "luggage": 369,
    "american flag": 1104,
    "leafless": 146,
    "cameras": 419,
    "pan": 1769,
    "jumping": 502,
    "soldiers": 447,
    "display": 205,
    "arrow": 848,
    "sweater": 1682,
    "shops": 5,
    "microwave": 180,
    "bamboo": 478,
    "foggy": 1381,
    "adult": 64,
    "outlets": 652,
    "seafood": 1139,
    "father": 475,
    "sun": 147,
    "tuna": 876,
    "benches": 1691,
    "wagon": 1638,
    "spice": 1818,
    "drape": 365,
    "gloves": 2,
    "office": 198,
    "piano": 252,
    "radio": 1431,
    "video camera": 1781,
    "field": 1274,
    "vending machine": 1383,
    "granola": 1530,
    "backpack": 556,
    "grater": 772,
    "wardrobe": 955,
    "bull": 671,
    "tablet": 645,
    "peach": 722,
    "peanut butter": 1783,
    "tree": 1834,
    "marina": 1228,
    "baby": 718,
    "table lamp": 1801,
    "shoe lace": 138,
    "shrimp": 279,
    "chimney": 183,
    "monitor": 87,
    "characters": 1714,
    "boy": 302,
    "dog food": 703,
    "shark": 376,
    "glaze": 1626,
    "toaster oven": 480,
    "shaving cream": 896,
    "waiting": 1407,
    "ravioli": 1367,
    "supermarket": 494,
    "son": 1342,
    "sign post": 112,
    "airplanes": 678,
    "tags": 1657,
    "marble": 1140,
    "driving": 1588,
    "box": 1179,
    "stadium": 61,
    "pancake": 1527,
    "wine bottles": 155,
    "sleeveless": 1205,
    "gummy bear": 162,
    "salt shaker": 204,
    "wolves": 1502,
    "workers": 1552,
    "picnic table": 74,
    "back": 1747,
    "sidewalk": 821,
    "young": 838,
    "thick": 1178,
    "cotton": 379,
    "ring": 507,
    "standing": 1318,
    "bathroom": 1155,
    "dense": 1147,
    "pipe": 21,
    "pocket": 300,
    "lime": 326,
    "planter": 1418,
    "hedges": 1027,
    "coats": 179,
    "fruits": 320,
    "grass": 98,
    "carrots": 1815,
    "sconce": 1377,
    "knives": 1601,
    "toilet brush": 243,
    "cigar": 411,
    "cake stand": 1456,
    "magazines": 762,
    "cows": 307,
    "player": 1561,
    "dip": 1468,
    "stapler": 641,
    "costume": 1378,
    "triangular": 1589,
    "looking up": 1549,
    "paintings": 1076,
    "caucasian": 107,
    "mesh": 984,
    "brown": 25,
    "backpacks": 1599,
    "ornaments": 224,
    "bouquet": 1085,
    "pastries": 1539,
    "no": 441,
    "tea kettle": 889,
    "hilltop": 987,
    "cherry": 65,
    "cloth": 541,
    "at the camera": 303,
    "soap dish": 1158,
    "onion ring": 314,
    "utensil holder": 904,
    "roasted": 1513,
    "antelope": 694,
    "intersection": 1668,
    "attic": 384,
    "doll": 294,
    "ovens": 1229,
    "tortilla": 176,
    "tunnel": 820,
    "cake": 610,
    "platform": 798,
    "khaki": 500,
    "silver": 505,
    "audience": 1416,
    "cage": 1187,
    "dryer": 768,
    "action figure": 1256,
    "snowboard": 1808,
    "television": 1006,
    "sugar": 1616,
    "toy": 1765,
    "vase": 264,
    "lipstick": 706,
    "museum": 832,
    "place": 1217,
    "bike": 1785,
    "computer monitor": 1137,
    "power line": 28,
    "bookcase": 1804,
    "cup": 245,
    "mexican food": 1722,
    "taco": 1004,
    "walnuts": 1461,
    "lying": 1160,
    "beige": 1341,
    "below": 729,
    "sleeping": 882,
    "new": 1234,
    "trucks": 1634,
    "saucer": 1086,
    "cupcakes": 1545,
    "garage": 1796,
    "diaper": 423,
    "sugar packet": 1631,
    "magnet": 11,
    "bending": 899,
    "kitten": 1313,
    "shore": 850,
    "lambs": 928,
    "hats": 219,
    "crown": 270,
    "canoe": 807,
    "making a face": 1062,
    "antenna": 373,
    "vines": 912,
    "couch": 931,
    "curved": 431,
    "cloudy": 717,
    "policeman": 71,
    "earring": 1314,
    "plain": 1732,
    "motorcycle": 328,
    "tables": 594,
    "monkey": 1348,
    "anchovies": 1168,
    "behind": 269,
    "safety jacket": 1159,
    "railroad": 12,
    "adidas": 451,
    "giraffe": 618,
    "jackets": 334,
    "game controller": 1195,
    "rhino": 471,
    "bottom": 136,
    "fans": 1135,
    "bags": 1727,
    "beef": 1413,
    "drinking": 1841,
    "calm": 1157,
    "entertainment center": 1536,
    "skillet": 324,
    "cinnamon roll": 1350,
    "casserole": 160,
    "frosting": 1703,
    "blender": 1332,
    "soldier": 1199,
    "smoke stack": 100,
    "luggage cart": 453,
    "fence post": 767,
    "children": 1632,
    "figurines": 1127,
    "garage door": 784,
    "meats": 50,
    "bakery": 771,
    "croissant": 846,
    "chicken breast": 711,
    "moss": 81,
    "oranges": 1827,
    "stained": 53,
    "hillside": 736,
    "tray": 258,
    "daughter": 839,
    "library": 1052,
    "tangerine": 608,
    "sandal": 1719,
    "coffee cups": 1603,
    "chains": 1013,
    "still": 1473,
    "bandana": 604,
    "rectangular": 77,
    "dugout": 769,
    "stuffed animals": 1015,
    "snow boots": 1374,
    "jockey": 119,
    "wet": 975,
    "drapes": 337,
    "food processor": 1360,
    "runway": 484,
    "gym": 787,
    "baseball bat": 298,
    "dvds": 715,
    "owl": 511,
    "chairs": 1066,
    "label": 1029,
    "peaches": 1079,
    "hippo": 1184,
    "bird house": 1387,
    "medicine cabinet": 1396,
    "pepper shaker": 873,
    "vanilla": 868,
    "star": 685,
    "tiger": 402,
    "concrete": 398,
    "uniform": 737,
    "bookshelves": 33,
    "fat": 1741,
    "long sleeved": 109,
    "necklaces": 1584,
    "goose": 506,
    "town": 1408,
    "copper": 855,
    "towel dispenser": 1715,
    "coleslaw": 325,
    "life jacket": 582,
    "donuts": 482,
    "kittens": 1628,
    "brass": 1609,
    "toddler": 1802,
    "jeans": 239,
    "spider": 1113,
    "heel": 1010,
    "worker": 1203,
    "pizza shop": 1297,
    "coke": 921,
    "street light": 545,
    "beverages": 599,
    "cd": 923,
    "controllers": 1223,
    "wines": 1071,
    "ice maker": 535,
    "goggles": 383,
    "dining table": 933,
    "wii controller": 1673,
    "picnic tables": 1669,
    "bronze": 1677,
    "games": 1532,
    "umbrella": 1519,
    "cloths": 1247,
    "honey": 959,
    "hat": 483,
    "parking meter": 1235,
    "forest": 1554,
    "appetizers": 487,
    "rough": 1520,
    "sponge": 1596,
    "pork": 1072,
    "crowd": 389,
    "marshmallow": 42,
    "toothbrushes": 626,
    "milk": 1679,
    "remote control": 937,
    "bookshelf": 755,
    "fruit": 1185,
    "gun": 810,
    "bus": 186,
    "character": 1361,
    "books": 1279,
    "cafe": 804,
    "sheep": 926,
    "wine": 1672,
    "crab": 1506,
    "steamed": 339,
    "whisk": 1696,
    "wheelchair": 1821,
    "car": 573,
    "door frame": 1221,
    "bikes": 1282,
    "paved": 188,
    "partly cloudy": 1580,
    "green": 1488,
    "trumpet": 466,
    "speakers": 1467,
    "nest": 1574,
    "reading": 1165,
    "cooler": 111,
    "crumbs": 1748,
    "roll": 148,
    "flower pot": 1197,
    "immature": 709,
    "gate": 1559,
    "flip flop": 1535,
    "tractors": 519,
    "crackers": 1009,
    "artichokes": 1275,
    "glove": 85,
    "calculator": 1272,
    "gourd": 1169,
    "ketchup": 285,
    "wallpaper": 1620,
    "monitors": 1356,
    "parsley": 202,
    "riding": 844,
    "kitchen towel": 1042,
    "mozzarella": 1255,
    "toy car": 1820,
    "bug": 1665,
    "restaurant": 485,
    "peppers": 1059,
    "hand dryer": 178,
    "heels": 1751,
    "batter": 415,
    "eggs": 766,
    "train station": 437,
    "waiter": 677,
    "taking pictures": 405,
    "bath towel": 1452,
    "banana peel": 1176,
    "carriage": 963,
    "pistachio": 1744,
    "salt": 410,
    "asian": 1251,
    "computer desk": 1460,
    "cream colored": 1676,
    "shorts": 134,
    "uniforms": 1196,
    "sofa": 1410,
    "away": 1074,
    "bubble": 1810,
    "street": 966,
    "shopping bag": 1166,
    "rice": 449,
    "console": 829,
    "snow pants": 145,
    "raincoat": 48,
    "rainbow colored": 1789,
    "polar bear": 1258,
    "butterflies": 797,
    "ice": 354,
    "outfit": 512,
    "staring": 943,
    "hairbrush": 75,
    "angry": 1466,
    "tank top": 619,
    "downward": 93,
    "scooter": 234,
    "moon": 918,
    "cane": 774,
    "raw": 1556,
    "potatoes": 763,
    "desserts": 1096,
    "desktop computer": 676,
    "cans": 574,
    "raspberry": 1088,
    "blueberry": 1183,
    "candies": 586,
    "candle holder": 39,
    "wristwatch": 1315,
    "sword": 101,
    "frisbee": 1640,
    "frame": 693,
    "step": 1831,
    "bedroom": 778,
    "tan": 898,
    "seat": 388,
    "cat": 1065,
    "pretzel": 679,
    "hot dogs": 409,
    "soccer balls": 394,
    "almonds": 948,
    "staircase": 367,
    "donut": 809,
    "hills": 1568,
    "computer mouse": 1525,
    "artichoke": 152,
    "post": 503,
    "pipes": 127,
    "athletic shoe": 1517,
    "clean": 1202,
    "chili": 1075,
    "mashed potatoes": 347,
    "cookie jar": 1546,
    "tag": 643,
    "sea foam": 857,
    "wii controllers": 1411,
    "stove": 708,
    "napkins": 950,
    "old": 668,
    "skating": 1293,
    "kangaroo": 35,
    "countertop": 1124,
    "trailer": 422,
    "eye glasses": 1153,
    "sprinkles": 1551,
    "giant": 312,
    "burner": 815,
    "melons": 454,
    "penguin": 260,
    "silverware": 979,
    "stroller": 1008,
    "side table": 1826,
    "letters": 1303,
    "spatula": 1351,
    "surfing": 348,
    "oatmeal": 724,
    "seat belt": 200,
    "heart": 764,
    "tennis": 1458,
    "pineapple": 1582,
    "park": 1320,
    "wooden": 1618,
    "traffic sign": 1658,
    "goats": 1642,
    "tongs": 879,
    "tiny": 182,
    "liquor": 914,
    "cords": 396,
    "pizza": 1209,
    "cards": 698,
    "bubbles": 932,
    "sandy": 725,
    "skyscraper": 1038,
    "scaffolding": 1368,
    "shape": 1430,
    "dishwasher": 936,
    "knife block": 1344,
    "pastry": 1621,
    "shoes": 421,
    "wetsuit": 553,
    "girl": 23,
    "small": 803,
    "blackberries": 1462,
    "racket": 1759,
    "wild": 1252,
    "mustard": 661,
    "paint": 646,
    "cowboy hat": 1764,
    "stuffed dog": 843,
    "suit": 1105,
    "mask": 818,
    "straight": 275,
    "cheese cube": 881,
    "walls": 1182,
    "clay": 1265,
    "cheetah": 1270,
    "roof": 68,
    "cheeseburger": 837,
    "whipped cream": 615,
    "rubber duck": 203,
    "figure": 368,
    "blankets": 1050,
    "fruit stand": 170,
    "buoys": 1659,
    "animal": 828,
    "curled": 1371,
    "hill": 559,
    "lamp": 1324,
    "vitamins": 761,
    "dress": 1263,
    "cucumbers": 742,
    "pillow": 847,
    "cyclist": 1236,
    "dirt": 1774,
    "lighthouse": 863,
    "gifts": 1437,
    "basket": 1745,
    "tool": 464,
    "robe": 1045,
    "fire extinguisher": 356,
    "pancakes": 1660,
    "spectators": 1595,
    "hotel room": 1840,
    "blossom": 1219,
    "flatbread": 617,
    "chopsticks": 89,
    "paper towel": 1500,
    "cappuccino": 1487,
    "fire hydrant": 1206,
    "scarce": 1144,
    "leggings": 15,
    "outfits": 681,
    "map": 867,
    "river": 584,
    "apartment building": 1271,
    "banana": 680,
    "ball": 1800,
    "blazer": 865,
    "mushrooms": 576,
    "twig": 532,
    "sculpture": 1098,
    "price tag": 580,
    "farmer": 41,
    "houses": 1819,
    "gadget": 1457,
    "dock": 4,
    "avocados": 1734,
    "packages": 1014,
    "zebras": 341,
    "stage": 1743,
    "projector": 1423,
    "cones": 1003,
    "pens": 1225,
    "light brown": 1180,
    "skirt": 450,
    "elevator": 699,
    "blueberries": 686,
    "shallow": 1000,
    "merchandise": 166,
    "dream catcher": 751,
    "low": 115,
    "pillows": 1816,
    "christmas light": 1245,
    "book": 1794,
    "dark blue": 1563,
    "hearts": 976,
    "headphones": 370,
    "pizza crust": 291,
    "round": 888,
    "purse": 713,
    "face mask": 489,
    "can": 621,
    "outdoors": 343,
    "path": 52,
    "stir fry": 1647,
    "word": 1518,
    "poster": 1639,
    "traffic lights": 366,
    "sea": 799,
    "robot": 221,
    "windows": 983,
    "mustard bottle": 153,
    "swan": 22,
    "snow flakes": 1791,
    "kiosk": 1495,
    "officer": 313,
    "ottoman": 1016,
    "utensil": 956,
    "keypad": 1651,
    "egg carton": 758,
    "leaves": 1583,
    "foil": 1138,
    "steps": 27,
    "potato chips": 700,
    "fog": 208,
    "magazine": 962,
    "parrot": 44,
    "laptops": 172,
    "baskets": 653,
    "ladder": 1690,
    "letter": 1496,
    "pole": 1126,
    "bacon": 1839,
    "hand soap": 413,
    "ear buds": 597,
    "crane": 241,
    "mountain": 1838,
    "cactus": 189,
    "tents": 225,
    "forks": 235,
    "floor lamp": 802,
    "in the mirror": 670,
    "chain": 1036,
    "locomotive": 46,
    "avocado": 455,
    "fireplace": 1547,
    "rice cooker": 1698,
    "canopy": 702,
    "artwork": 361,
    "eiffel tower": 1301,
    "pizza boxes": 625,
    "waffle": 31,
    "cupboard": 1068,
    "cell phone": 1345,
    "cupcake": 1131,
    "paint brush": 1573,
    "empty": 1795,
    "aircraft": 1678,
    "pigeons": 988,
    "cream": 1011,
    "deck": 217,
    "jewelry": 607,
    "mall": 745,
    "dogs": 578,
    "guy": 1018,
    "earphones": 499,
    "patio": 230,
    "cables": 566,
    "unripe": 459,
    "meal": 425,
    "huge": 1064,
    "logo": 1190,
    "balcony": 611,
    "towel": 812,
    "rain": 560,
    "bricks": 1576,
    "masks": 91,
    "bananas": 49,
    "mud": 630,
    "pants": 1605,
    "decoration": 1389,
    "leather": 338,
    "highway": 1666,
    "hangar": 1306,
    "dvd player": 1736,
    "blossoms": 1090,
    "tin": 95,
    "log": 86,
    "remote controls": 92,
    "dome": 944,
    "window": 1540,
    "music": 1636,
    "umbrellas": 591,
    "watermelon": 796,
    "bison": 1305,
    "courtyard": 1807,
    "kettle": 814,
    "dolphin": 665,
    "camel": 1542,
    "battery": 1824,
    "yellow": 108,
    "trees": 871,
    "kite": 1001,
    "papaya": 1507,
    "vintage": 1041,
    "female": 1397,
    "leaf": 1504,
    "grilled": 1048,
    "seagull": 1629,
    "cigarette": 488,
    "door": 569,
    "shoppers": 734,
    "brush": 73,
    "lamps": 1738,
    "performer": 911,
    "napkin dispenser": 69,
    "wig": 237,
    "ship": 1560,
    "ripe": 1429,
    "pigeon": 1739,
    "brushing teeth": 30,
    "steak": 993,
    "food container": 938,
    "curly": 1148,
    "bracelet": 420,
    "number": 1562,
    "snowsuit": 1204,
    "coffee mug": 1770,
    "dark brown": 1030,
    "notebook": 1811,
    "wii game": 438,
    "coffee": 327,
    "cinnamon": 849,
    "hamburger": 1662,
    "asphalt": 29,
    "curtains": 1379,
    "groceries": 443,
    "underneath": 247,
    "straw": 902,
    "tablecloth": 833,
    "covered": 1836,
    "boats": 1404,
    "vest": 770,
    "mickey mouse": 811,
    "banana bunches": 526,
    "feathers": 207,
    "suits": 1564,
    "sneakers": 1354,
    "tennis balls": 973,
    "porcelain": 1585,
    "oreo": 1109,
    "bun": 1253,
    "computers": 319,
    "ambulance": 26,
    "hotdog bun": 60,
    "pitcher": 1566,
    "drawing": 657,
    "pump": 1766,
    "blond": 1717,
    "salad": 59,
    "sushi": 1149,
    "beans": 1521,
    "nike": 704,
    "little": 1376,
    "dumplings": 1106,
    "drinks": 509,
    "street sign": 267,
    "dark": 561,
    "top": 1192,
    "pretzels": 1308,
    "walking": 171,
    "blood": 1823,
    "cafeteria": 1382,
    "flour": 1604,
    "sauce": 1369,
    "coin": 692,
    "powdered sugar": 1537,
    "snail": 1134,
    "bowl": 1421,
    "paper": 1058,
    "hardwood": 1497,
    "dish": 1453,
    "panda bears": 1022,
    "undershirt": 631,
    "ocean": 644,
    "white": 549,
    "jacket": 1645,
    "salon": 901,
    "drink": 281,
    "cowboy": 316,
    "smoke": 1837,
    "mugs": 533,
    "raisins": 1231,
    "bell tower": 387,
    "manhole cover": 1099,
    "thin": 1249,
    "stickers": 1630,
    "sweatshirt": 518,
    "goal": 675,
    "water": 6,
    "road": 458,
    "dirty": 1762,
    "name tag": 116,
    "coffee maker": 428,
    "cobblestone": 666,
    "melon": 714,
    "soccer": 1276,
    "talking": 1731,
    "parking sign": 628,
    "swans": 265,
    "sack": 1493,
    "bare": 133,
    "knee pad": 748,
    "mound": 1718,
    "potato": 277,
    "forward": 278,
    "papers": 504,
    "taking photos": 543,
    "squash": 1405,
    "pasta": 1526,
    "owls": 1637,
    "cereal box": 1063,
    "cookie": 364,
    "mountain peak": 1334,
    "window frame": 310,
    "coach": 1833,
    "turtle": 1227,
    "cash register": 1213,
    "ski lift": 13,
    "peanut": 1479,
    "iron": 510,
    "pillars": 137,
    "rhinos": 1771,
    "dinosaur": 602,
    "glass": 306,
    "drain": 1685,
    "container": 1705,
    "beer cans": 1216,
    "cart": 581,
    "paddle": 1767,
    "employee": 1116,
    "resting": 701,
    "rug": 193,
    "egg yolk": 1424,
    "hummus": 1700,
    "elbow pad": 753,
    "teddy bears": 315,
    "muffins": 1108,
    "man": 432,
    "eggplant": 1333,
    "boots": 977,
    "cricket": 255,
    "gas pump": 125,
    "homes": 636,
    "gift": 627,
    "bedspread": 750,
    "smooth": 688,
    "scarf": 741,
    "spots": 887,
    "irregular": 754,
    "nut": 1117,
    "passengers": 655,
    "pizza tray": 301,
    "mirror": 14,
    "outside": 851,
    "hair": 1181,
    "air conditioner": 121,
    "checkered": 1426,
    "metallic": 1624,
    "cherries": 1028,
    "skate park": 651,
    "burrito": 374,
    "cranberries": 907,
    "utensils": 1150,
    "soap bottle": 1277,
    "candles": 1761,
    "weeds": 974,
    "stuffed animal": 952,
    "shield": 493,
    "peeled": 54,
    "pig": 1164,
    "ketchup bottle": 1663,
    "puppy": 1281,
    "handbag": 1101,
    "croissants": 1726,
    "gas stove": 945,
    "rubber": 1347,
    "truck": 72,
    "basil": 746,
    "wall": 800,
    "pizza box": 813,
    "cucumber": 1364,
    "home plate": 349,
    "trays": 878,
    "skater": 1250,
    "roses": 589,
    "cake pan": 1358,
    "zucchini": 1835,
    "thermometer": 132,
    "panda bear": 1591,
    "wood": 1784,
    "corn": 400,
    "canisters": 1391,
    "cooking pot": 20,
    "glasses": 1285,
    "loaf": 350,
    "potato salad": 1049,
    "crate": 659,
    "broccoli": 1210,
    "real": 113,
    "xbox controller": 1154,
    "full": 524,
    "deep": 1756,
    "performing trick": 831,
    "pouch": 1302,
    "skateboarder": 416,
    "tomato": 143,
    "paper container": 1531,
    "eagle": 1012,
    "island": 240,
    "meat": 1262,
    "lemonade": 1813,
    "pointing": 946,
    "cups": 467,
    "end table": 150,
    "sweet potatoes": 1649,
    "soft drink": 1024,
    "coffee shop": 906,
    "alcohol": 789,
    "flames": 1288,
    "panda": 971,
    "calf": 1538,
    "tomato sauce": 1724,
    "train car": 139,
    "blue": 991,
    "visitors": 218,
    "dish soap": 1240,
    "spray can": 909,
    "entrance": 1656,
    "dragons": 1805,
    "polo shirt": 140,
    "champagne": 1385,
    "elmo": 830,
    "mug": 825,
    "policemen": 852,
    "sailboats": 782,
    "lid": 168,
    "dumpster": 51,
    "microphone": 452,
    "keyboards": 1706,
    "pen": 1600,
    "auditorium": 633,
    "happy": 1097,
    "lounge": 1120,
    "sand": 1362,
    "on": 47,
    "package": 427,
    "tofu": 564,
    "right": 1516,
    "light bulbs": 131,
    "painting": 261,
    "snacks": 732,
    "sticky notes": 1132,
    "flags": 1026,
    "orchard": 1211,
    "pans": 1034,
    "dry-erase board": 527,
    "doors": 481,
    "canister": 1522,
    "lady": 318,
    "snakes": 84,
    "vegetable": 1319,
    "ice cubes": 381,
    "fake": 1133,
    "wii": 783,
    "brunette": 853,
    "power lines": 391,
    "lilies": 238,
    "toppings": 728,
    "shampoo": 939,
    "helicopter": 1294,
    "guys": 1323,
    "kiwi": 1284,
    "bird cage": 1384,
    "beverage": 805,
    "menu": 1021,
    "control panel": 1758,
    "train": 1142,
    "backyard": 1432,
    "olive oil": 457,
    "wine bottle": 1577,
    "dolphins": 1534,
    "sweet potato": 1414,
    "players": 9,
    "pepperoni": 637,
    "harbor": 554,
    "envelope": 1602,
    "material": 1111,
    "buses": 1296,
    "bagels": 1089,
    "beer": 656,
    "toilet paper": 1476,
    "rocks": 583,
    "bar stools": 1233,
    "shut": 1786,
    "black and white": 1684,
    "roast beef": 801,
    "airplane": 256,
    "yard": 1510,
    "bracelets": 990,
    "produce": 474,
    "serving tray": 407,
    "cardboard": 731,
    "toaster": 1484,
    "suv": 1614,
    "feeder": 1803,
    "folding chair": 523,
    "blanket": 129,
    "cloudless": 210,
    "pizzas": 460,
    "waste basket": 385,
    "sticks": 1514,
    "toasted": 1329,
    "clear": 836,
    "hotel": 1625,
    "candle": 282,
    "liquid": 817,
    "phone": 663,
    "bone": 1533,
    "vendor": 1328,
    "belt": 1569,
    "fire": 1779,
    "nuts": 744,
    "posing": 854,
    "sunflower": 1067,
    "spinach": 185,
    "baking sheet": 785,
    "computer": 1019,
    "plates": 824,
    "women": 99,
    "donkeys": 568,
    "bush": 957,
    "swimsuit": 1053,
    "sunny": 1648,
    "towels": 1570,
    "tie": 572,
    "whale": 197,
    "antelopes": 649,
    "sky": 1489,
    "seed": 1699,
    "taking a picture": 684,
    "pomegranate": 856,
    "short sleeved": 469,
    "chocolate chips": 1163,
    "rotten": 296,
    "mint": 1608,
    "bell": 1798,
    "skis": 263,
    "lego": 1446,
    "hard drive": 739,
    "pears": 672,
    "rounded": 1400,
    "cauliflower": 961,
    "burger": 357,
    "drawer": 1553,
    "beautiful": 1069,
    "trunk": 1661,
    "t-shirt": 268,
    "denim": 66,
    "lemons": 486,
    "beads": 1094,
    "bar stool": 1697,
    "stairs": 930,
    "pea": 826,
    "skateboards": 110,
    "cockpit": 1687,
    "rocky": 1469,
    "parking lot": 154,
    "ornament": 705,
    "bread": 295,
    "unpeeled": 1809,
    "salad dressing": 1174,
    "orange": 1449,
    "farm": 344,
    "bleachers": 228,
    "fried": 283,
    "pots": 872,
    "sink": 683,
    "girls": 1266,
    "off": 1480,
    "crosswalk": 960,
    "boxes": 181,
    "collar": 639,
    "water bottles": 1083,
    "red": 792,
    "cooking": 1793,
    "seeds": 919,
    "clouds": 1349,
    "shopping center": 1238,
    "apples": 309,
    "stone": 1224,
    "stainless steel": 1077,
    "hallway": 403,
    "lettuce": 1754,
    "large": 1035,
    "ostriches": 1755,
    "lab coat": 1707,
    "grill": 1653,
    "barrier": 989,
    "towers": 598,
    "camera": 691,
    "palm trees": 1317,
    "house": 40,
    "herd": 654,
    "machine": 1115,
    "elephant": 1,
    "noodles": 1123,
    "smoothie": 1438,
    "toilet": 1459,
    "feta cheese": 1167,
    "egg": 781,
    "alien": 861,
    "sugar packets": 1082,
    "bed": 1260,
    "hippos": 968,
    "alarm clock": 562,
    "packet": 1261,
    "apple logo": 1720,
    "tissue box": 1445,
    "cracker": 305,
    "dinner": 201,
    "uncooked": 1822,
    "woman": 669,
    "peas": 834,
    "peanuts": 1044,
    "skin": 1694,
    "buildings": 336,
    "aluminum": 1594,
    "lizard": 1447,
    "chandelier": 1439,
    "theater": 674,
    "stump": 577,
    "pencils": 135,
    "cookie dough": 1481,
    "market": 689,
    "swimmer": 259,
    "outlet": 292,
    "bridge": 1290,
    "suitcases": 1100,
    "purple": 647,
    "snoopy": 1054,
    "buoy": 1541,
    "pita": 1420,
    "sailboat": 103,
    "traffic light": 885,
    "surfer": 288,
    "baking pan": 304,
    "bear": 757,
    "wavy": 1721,
    "stop sign": 972,
    "chickens": 120,
    "scissors": 690,
    "crouching": 1327,
    "picture frame": 958,
    "spectator": 1337,
    "jeep": 777,
    "ham": 890,
    "horses": 395,
    "cheese": 557,
    "dressing": 386,
    "soccer ball": 697,
    "orchids": 1395,
    "boys": 1655,
    "blenders": 1664,
    "bowls": 426,
    "left": 280,
    "zoo": 624,
    "wine glasses": 1156,
    "fork": 1652,
    "bushy": 998,
    "hammer": 1505,
    "dessert": 187,
    "rope": 1122,
    "city": 1114,
    "surfboard": 311,
    "ice cream": 1688,
    "napkin": 1797,
    "goat": 1257,
    "tools": 508,
    "electric toothbrush": 1201,
    "couches": 465,
    "platter": 1005,
    "pickles": 841,
    "garnish": 199,
    "sausages": 835,
    "mixer": 401,
    "bedding": 1194,
    "dress shirt": 967,
    "coconuts": 600,
    "chair": 8,
    "cooked": 1241,
    "driver": 1208,
    "taking a photograph": 1670,
    "fish": 284,
    "shower curtain": 710,
    "beer can": 978,
    "air": 1292,
    "square": 1175,
    "pajamas": 436,
    "nightstand": 1162,
    "cliff": 375,
    "vests": 408,
    "statue": 406,
    "tennis ball": 1633,
    "stick": 1232,
    "guacamole": 1080,
    "printers": 1548,
    "garlic": 1650,
    "bread loaf": 1544,
    "hurdle": 16,
    "walkway": 1654,
    "lake": 1289,
    "light": 177,
    "waterfall": 862,
    "mat": 342,
    "sitting": 445,
    "juice": 1032,
    "pavement": 723,
    "fire truck": 1641,
    "biker": 1782,
    "daisy": 1792,
    "lemon": 1486,
    "street lights": 567,
    "wedding": 609,
    "jumpsuit": 1118,
    "herbs": 329,
    "seagulls": 1643,
    "scrub brush": 151,
    "skiing": 233,
    "pot": 157,
    "magnets": 173,
    "toast": 682,
    "clock tower": 1740,
    "card": 605,
    "bushes": 209,
    "waffles": 756,
    "dough": 1442,
    "branches": 1427,
    "garland": 1102,
    "pear": 1572,
    "bottles": 1259,
    "notepad": 536,
    "cemetery": 1300,
    "sausage": 1309,
    "rackets": 719,
    "tea": 1269,
    "screen": 1338,
    "men": 980,
    "ceiling": 276,
    "antique": 1291,
    "mannequins": 190,
    "healthy": 80,
    "tower": 667,
    "router": 274,
    "desk": 640,
    "lawn": 174,
    "controller": 965,
    "high": 1817,
    "surfboards": 194,
    "net": 1336,
    "placemat": 986,
    "swimming": 297,
    "bathtub": 1177,
    "cookies": 662,
    "berries": 287,
    "cream cheese": 822,
    "boulders": 840,
    "soda can": 1485,
    "paper towels": 1464,
    "strawberries": 733,
    "stormy": 1454,
    "ceramic": 1316,
    "swimming pool": 1070,
    "heater": 473,
    "people": 806,
    "striped": 1186,
    "drawings": 1419,
    "almond": 430,
    "wolf": 1422,
    "front": 747,
    "cell phones": 1366,
    "up": 530,
    "decorations": 970,
    "popcorn": 1587,
    "customers": 1087,
    "plastic": 490,
    "boat": 1355,
    "baseball mitt": 917,
    "soap dispenser": 1023,
    "cable": 546,
    "pizza pie": 32,
    "bikini": 286,
    "snowy": 1763,
    "brick": 213,
    "trunks": 124,
    "pizza cutter": 1406,
    "chalkboard": 158,
    "breakfast": 642,
    "money": 216,
    "cow": 910,
    "clock": 382,
    "food truck": 1409,
    "giraffes": 1713,
    "gorilla": 1474,
    "christmas lights": 529,
    "dvd players": 1060,
    "steel": 1417,
    "fudge": 56,
    "bus driver": 1057,
    "school bus": 521,
    "gentleman": 149,
    "closet": 1440,
    "mannequin": 165,
    "picture": 472,
    "lock": 331,
    "hot dog": 951,
    "cotton candy": 222,
    "granite": 249,
    "sparse": 1529,
    "tv stand": 528,
    "onion": 1191,
    "dotted": 1814,
    "storage box": 1047,
    "taking notes": 1470,
    "office chair": 1033,
    "store": 448,
    "wildflowers": 18,
    "pencil": 1039,
    "taxi": 1475,
    "shopping cart": 1152,
    "toiletries": 1093,
    "printer": 648,
    "castle": 1681,
    "lunch": 1494,
    "helmet": 1130,
    "fishing pole": 695,
    "toothbrush": 985,
    "choppy": 1509,
    "beet": 397,
    "light switch": 1040,
    "plate": 122,
    "narrow": 1311,
    "washing machine": 550,
    "pandas": 1307,
    "batteries": 1689,
    "snake": 1772,
    "coffee table": 248,
    "spray bottle": 788,
    "flip flops": 1701,
    "chopstick": 372,
    "pizza oven": 322,
    "fries": 1017,
    "pasture": 1112,
    "figurine": 884,
    "briefcase": 964,
    "parachute": 167,
    "ropes": 102,
    "lobster": 1557,
    "cabinets": 1242,
    "seaweed": 791,
    "looking down": 156,
    "game": 141,
    "telephone pole": 614,
    "sock": 1448,
    "pikachu": 456,
    "parachutes": 1171,
    "tractor": 433,
    "armor": 1239,
    "paper dispenser": 1598,
    "watermelons": 1472,
    "wave": 1326,
    "raspberries": 1287,
    "gravy": 1434,
    "bats": 1565,
    "kites": 37,
    "sour cream": 1078,
    "male": 538,
    "kitchen": 1359,
    "chicken": 1002,
    "shopper": 1375,
    "topping": 1610,
    "coat": 531,
    "berry": 905,
    "flower": 913,
    "toothpaste": 1051,
    "plants": 1321,
    "olives": 891,
    "life jackets": 251,
    "pepper": 1031,
    "comforter": 1373,
    "closed": 1695,
    "toothpicks": 418,
    "steam": 823,
    "pilot": 1173,
    "logs": 1119,
    "tissue": 1335,
    "pedestrians": 393,
    "toolbox": 1103,
    "ice cube": 860,
    "octagonal": 470,
    "caramel": 360,
    "eating": 257,
    "grape": 588,
    "garment": 362,
    "minivan": 118,
    "heavy": 1490,
    "playing": 352,
    "chef hat": 1775,
    "pasta salad": 1220,
    "officers": 613,
    "sunflowers": 1268,
    "speaker": 196,
    "dresses": 1428,
    "lunch box": 1623,
    "hard": 1581,
    "lush": 1280,
    "jersey": 1492,
    "parrots": 1777,
    "dinosaurs": 1412,
    "beach umbrella": 1590,
    "colorful": 953,
    "cap": 363,
    "banana bunch": 1806,
    "coconut": 1392,
    "trash": 1218,
    "food": 780,
    "spoons": 1161,
    "vases": 894,
    "upward": 1193,
    "stuffed bear": 1331,
    "dishes": 262,
    "socks": 916,
    "taking a photo": 412,
    "tourists": 232,
    "engineer": 949,
    "ugly": 1143,
    "mixing bowl": 551,
    "marker": 775,
    "running": 1463,
    "cabbage": 570,
    "antennas": 1393,
    "shampoo bottle": 842,
    "tea pot": 1579,
    "rolling pin": 612,
    "butter": 1170,
    "raisin": 994,
    "trash can": 1388,
    "cheesecake": 404,
    "spoon": 498,
    "passenger": 1267,
    "pillowcase": 880,
    "strawberry": 908,
    "stores": 106,
    "mouse pad": 1214,
    "skier": 227,
    "scooters": 250,
    "dolls": 144,
    "pizza slice": 1465,
    "syrup": 468,
    "bucket": 997,
    "shelf": 492,
    "school": 548,
    "ipod": 1829,
    "dresser": 1128,
    "overcast": 1264
}